dataset	scenario	method	method_version	resource	ranking_semantics	condition	top_fraction	status	reason_code	metric	des	signed_peak_es	peak_rank	score_type	score_semantics	fgsea_analogue	weight_exponent	tie_policy	cell_pair_direction	missing_policy
Kuppe_MI_spatial_CTRL_vs_IZ	multi_sample	A	component-swap-rc0-v1	ConnectomeDB2020_Hou_2020_human	abs_hc2_z>=1	CTRL	0.1	observed		spatial_des	0.21153846153846156	0.21153846153846156	44	pos	maximum_positive_weighted_fgsea_running_sum	fgsea_scoreType=pos;gseaParam=1	1.0	fgsea_native_stable_input_order	unordered_directions_collapsed	exclude_and_report_coverage_never_impute_zero
Kuppe_MI_spatial_CTRL_vs_IZ	multi_sample	A	component-swap-rc0-v1	ConnectomeDB2020_Hou_2020_human	abs_hc2_z>=1	CTRL	0.2	observed		spatial_des	0.2954257643440627	0.2954257643440627	17	pos	maximum_positive_weighted_fgsea_running_sum	fgsea_scoreType=pos;gseaParam=1	1.0	fgsea_native_stable_input_order	unordered_directions_collapsed	exclude_and_report_coverage_never_impute_zero
Kuppe_MI_spatial_CTRL_vs_IZ	multi_sample	A	component-swap-rc0-v1	ConnectomeDB2020_Hou_2020_human	abs_hc2_z>=1	CTRL	0.3	observed		spatial_des	0.45656141244376547	0.45656141244376547	18	pos	maximum_positive_weighted_fgsea_running_sum	fgsea_scoreType=pos;gseaParam=1	1.0	fgsea_native_stable_input_order	unordered_directions_collapsed	exclude_and_report_coverage_never_impute_zero
Kuppe_MI_spatial_CTRL_vs_IZ	multi_sample	A	component-swap-rc0-v1	ConnectomeDB2020_Hou_2020_human	abs_hc2_z>=1	CTRL	0.4	observed		spatial_des	0.3579431839529108	0.3579431839529108	23	pos	maximum_positive_weighted_fgsea_running_sum	fgsea_scoreType=pos;gseaParam=1	1.0	fgsea_native_stable_input_order	unordered_directions_collapsed	exclude_and_report_coverage_never_impute_zero
Kuppe_MI_spatial_CTRL_vs_IZ	multi_sample	A	component-swap-rc0-v1	ConnectomeDB2020_Hou_2020_human	abs_hc2_z>=1	IZ	0.1	observed		spatial_des	0.7735849056603774	0.7735849056603774	14	pos	maximum_positive_weighted_fgsea_running_sum	fgsea_scoreType=pos;gseaParam=1	1.0	fgsea_native_stable_input_order	unordered_directions_collapsed	exclude_and_report_coverage_never_impute_zero
Kuppe_MI_spatial_CTRL_vs_IZ	multi_sample	A	component-swap-rc0-v1	ConnectomeDB2020_Hou_2020_human	abs_hc2_z>=1	IZ	0.2	observed		spatial_des	0.5437429195330588	0.5437429195330588	21	pos	maximum_positive_weighted_fgsea_running_sum	fgsea_scoreType=pos;gseaParam=1	1.0	fgsea_native_stable_input_order	unordered_directions_collapsed	exclude_and_report_coverage_never_impute_zero
Kuppe_MI_spatial_CTRL_vs_IZ	multi_sample	A	component-swap-rc0-v1	ConnectomeDB2020_Hou_2020_human	abs_hc2_z>=1	IZ	0.3	observed		spatial_des	0.430630333197887	0.430630333197887	21	pos	maximum_positive_weighted_fgsea_running_sum	fgsea_scoreType=pos;gseaParam=1	1.0	fgsea_native_stable_input_order	unordered_directions_collapsed	exclude_and_report_coverage_never_impute_zero
Kuppe_MI_spatial_CTRL_vs_IZ	multi_sample	A	component-swap-rc0-v1	ConnectomeDB2020_Hou_2020_human	abs_hc2_z>=1	IZ	0.4	observed		spatial_des	0.4261615167911282	0.4261615167911282	21	pos	maximum_positive_weighted_fgsea_running_sum	fgsea_scoreType=pos;gseaParam=1	1.0	fgsea_native_stable_input_order	unordered_directions_collapsed	exclude_and_report_coverage_never_impute_zero
Kuppe_MI_spatial_CTRL_vs_IZ	multi_sample	B	component-swap-rc0-v1	ConnectomeDB2020_Hou_2020_human	scseqcomm_fasterwilcox_equivalent_raw_p<0.05	CTRL	0.1	observed		spatial_des	0.3529411764705882	0.3529411764705882	36	pos	maximum_positive_weighted_fgsea_running_sum	fgsea_scoreType=pos;gseaParam=1	1.0	fgsea_native_stable_input_order	unordered_directions_collapsed	exclude_and_report_coverage_never_impute_zero
Kuppe_MI_spatial_CTRL_vs_IZ	multi_sample	B	component-swap-rc0-v1	ConnectomeDB2020_Hou_2020_human	scseqcomm_fasterwilcox_equivalent_raw_p<0.05	CTRL	0.2	observed		spatial_des	0.26	0.26	41	pos	maximum_positive_weighted_fgsea_running_sum	fgsea_scoreType=pos;gseaParam=1	1.0	fgsea_native_stable_input_order	unordered_directions_collapsed	exclude_and_report_coverage_never_impute_zero
Kuppe_MI_spatial_CTRL_vs_IZ	multi_sample	B	component-swap-rc0-v1	ConnectomeDB2020_Hou_2020_human	scseqcomm_fasterwilcox_equivalent_raw_p<0.05	CTRL	0.3	observed		spatial_des	0.27083333333333337	0.27083333333333337	41	pos	maximum_positive_weighted_fgsea_running_sum	fgsea_scoreType=pos;gseaParam=1	1.0	fgsea_native_stable_input_order	unordered_directions_collapsed	exclude_and_report_coverage_never_impute_zero
Kuppe_MI_spatial_CTRL_vs_IZ	multi_sample	B	component-swap-rc0-v1	ConnectomeDB2020_Hou_2020_human	scseqcomm_fasterwilcox_equivalent_raw_p<0.05	CTRL	0.4	observed		spatial_des	0.28888888888888886	0.28888888888888886	41	pos	maximum_positive_weighted_fgsea_running_sum	fgsea_scoreType=pos;gseaParam=1	1.0	fgsea_native_stable_input_order	unordered_directions_collapsed	exclude_and_report_coverage_never_impute_zero
Kuppe_MI_spatial_CTRL_vs_IZ	multi_sample	B	component-swap-rc0-v1	ConnectomeDB2020_Hou_2020_human	scseqcomm_fasterwilcox_equivalent_raw_p<0.05	IZ	0.1	observed		spatial_des	0.6039955190440627	0.6039955190440627	12	pos	maximum_positive_weighted_fgsea_running_sum	fgsea_scoreType=pos;gseaParam=1	1.0	fgsea_native_stable_input_order	unordered_directions_collapsed	exclude_and_report_coverage_never_impute_zero
Kuppe_MI_spatial_CTRL_vs_IZ	multi_sample	B	component-swap-rc0-v1	ConnectomeDB2020_Hou_2020_human	scseqcomm_fasterwilcox_equivalent_raw_p<0.05	IZ	0.2	observed		spatial_des	0.6202380952380953	0.6202380952380953	18	pos	maximum_positive_weighted_fgsea_running_sum	fgsea_scoreType=pos;gseaParam=1	1.0	fgsea_native_stable_input_order	unordered_directions_collapsed	exclude_and_report_coverage_never_impute_zero
Kuppe_MI_spatial_CTRL_vs_IZ	multi_sample	B	component-swap-rc0-v1	ConnectomeDB2020_Hou_2020_human	scseqcomm_fasterwilcox_equivalent_raw_p<0.05	IZ	0.3	observed		spatial_des	0.7038795779019243	0.7038795779019243	18	pos	maximum_positive_weighted_fgsea_running_sum	fgsea_scoreType=pos;gseaParam=1	1.0	fgsea_native_stable_input_order	unordered_directions_collapsed	exclude_and_report_coverage_never_impute_zero
Kuppe_MI_spatial_CTRL_vs_IZ	multi_sample	B	component-swap-rc0-v1	ConnectomeDB2020_Hou_2020_human	scseqcomm_fasterwilcox_equivalent_raw_p<0.05	IZ	0.4	observed		spatial_des	0.7045565337080263	0.7045565337080263	18	pos	maximum_positive_weighted_fgsea_running_sum	fgsea_scoreType=pos;gseaParam=1	1.0	fgsea_native_stable_input_order	unordered_directions_collapsed	exclude_and_report_coverage_never_impute_zero
Kuppe_MI_spatial_CTRL_vs_IZ	multi_sample	C	component-swap-rc0-v1	ConnectomeDB2020_Hou_2020_human	nominal_gaussian_hc2_wald_p<0.05	CTRL	0.1	observed		spatial_des	0.34615384615384615	0.34615384615384615	37	pos	maximum_positive_weighted_fgsea_running_sum	fgsea_scoreType=pos;gseaParam=1	1.0	fgsea_native_stable_input_order	unordered_directions_collapsed	exclude_and_report_coverage_never_impute_zero
Kuppe_MI_spatial_CTRL_vs_IZ	multi_sample	C	component-swap-rc0-v1	ConnectomeDB2020_Hou_2020_human	nominal_gaussian_hc2_wald_p<0.05	CTRL	0.2	observed		spatial_des	0.33333333333333337	0.33333333333333337	38	pos	maximum_positive_weighted_fgsea_running_sum	fgsea_scoreType=pos;gseaParam=1	1.0	fgsea_native_stable_input_order	unordered_directions_collapsed	exclude_and_report_coverage_never_impute_zero
Kuppe_MI_spatial_CTRL_vs_IZ	multi_sample	C	component-swap-rc0-v1	ConnectomeDB2020_Hou_2020_human	nominal_gaussian_hc2_wald_p<0.05	CTRL	0.3	observed		spatial_des	0.34693877551020413	0.34693877551020413	38	pos	maximum_positive_weighted_fgsea_running_sum	fgsea_scoreType=pos;gseaParam=1	1.0	fgsea_native_stable_input_order	unordered_directions_collapsed	exclude_and_report_coverage_never_impute_zero
Kuppe_MI_spatial_CTRL_vs_IZ	multi_sample	C	component-swap-rc0-v1	ConnectomeDB2020_Hou_2020_human	nominal_gaussian_hc2_wald_p<0.05	CTRL	0.4	observed		spatial_des	0.3695652173913043	0.3695652173913043	38	pos	maximum_positive_weighted_fgsea_running_sum	fgsea_scoreType=pos;gseaParam=1	1.0	fgsea_native_stable_input_order	unordered_directions_collapsed	exclude_and_report_coverage_never_impute_zero
Kuppe_MI_spatial_CTRL_vs_IZ	multi_sample	C	component-swap-rc0-v1	ConnectomeDB2020_Hou_2020_human	nominal_gaussian_hc2_wald_p<0.05	IZ	0.1	observed		spatial_des	0.5471698113207547	0.5471698113207547	26	pos	maximum_positive_weighted_fgsea_running_sum	fgsea_scoreType=pos;gseaParam=1	1.0	fgsea_native_stable_input_order	unordered_directions_collapsed	exclude_and_report_coverage_never_impute_zero
Kuppe_MI_spatial_CTRL_vs_IZ	multi_sample	C	component-swap-rc0-v1	ConnectomeDB2020_Hou_2020_human	nominal_gaussian_hc2_wald_p<0.05	IZ	0.2	observed		spatial_des	0.510204081632653	0.510204081632653	30	pos	maximum_positive_weighted_fgsea_running_sum	fgsea_scoreType=pos;gseaParam=1	1.0	fgsea_native_stable_input_order	unordered_directions_collapsed	exclude_and_report_coverage_never_impute_zero
Kuppe_MI_spatial_CTRL_vs_IZ	multi_sample	C	component-swap-rc0-v1	ConnectomeDB2020_Hou_2020_human	nominal_gaussian_hc2_wald_p<0.05	IZ	0.3	observed		spatial_des	0.4656113690727452	0.4656113690727452	18	pos	maximum_positive_weighted_fgsea_running_sum	fgsea_scoreType=pos;gseaParam=1	1.0	fgsea_native_stable_input_order	unordered_directions_collapsed	exclude_and_report_coverage_never_impute_zero
Kuppe_MI_spatial_CTRL_vs_IZ	multi_sample	C	component-swap-rc0-v1	ConnectomeDB2020_Hou_2020_human	nominal_gaussian_hc2_wald_p<0.05	IZ	0.4	observed		spatial_des	0.4865619033631958	0.4865619033631958	18	pos	maximum_positive_weighted_fgsea_running_sum	fgsea_scoreType=pos;gseaParam=1	1.0	fgsea_native_stable_input_order	unordered_directions_collapsed	exclude_and_report_coverage_never_impute_zero
Kuppe_MI_spatial_CTRL_vs_IZ	multi_sample	CRYCHIC_RC2_residual_fallback	liana-hypergraph-residual-rc2-v1	ConnectomeDB2020_Hou_2020_human	liana_residual_cardinality_percentile_with_crychic_wald_percentile_only_when_liana_pair_not_estimable	CTRL	0.1	observed		spatial_des	0.6538461538461537	0.6538461538461537	21	pos	maximum_positive_weighted_fgsea_running_sum	fgsea_scoreType=pos;gseaParam=1	1.0	fgsea_native_stable_input_order	unordered_directions_collapsed	exclude_and_report_coverage_never_impute_zero
Kuppe_MI_spatial_CTRL_vs_IZ	multi_sample	CRYCHIC_RC2_residual_fallback	liana-hypergraph-residual-rc2-v1	ConnectomeDB2020_Hou_2020_human	liana_residual_cardinality_percentile_with_crychic_wald_percentile_only_when_liana_pair_not_estimable	CTRL	0.2	observed		spatial_des	0.5637254901960782	0.5637254901960782	21	pos	maximum_positive_weighted_fgsea_running_sum	fgsea_scoreType=pos;gseaParam=1	1.0	fgsea_native_stable_input_order	unordered_directions_collapsed	exclude_and_report_coverage_never_impute_zero
Kuppe_MI_spatial_CTRL_vs_IZ	multi_sample	CRYCHIC_RC2_residual_fallback	liana-hypergraph-residual-rc2-v1	ConnectomeDB2020_Hou_2020_human	liana_residual_cardinality_percentile_with_crychic_wald_percentile_only_when_liana_pair_not_estimable	CTRL	0.3	observed		spatial_des	0.5510204081632653	0.5510204081632653	21	pos	maximum_positive_weighted_fgsea_running_sum	fgsea_scoreType=pos;gseaParam=1	1.0	fgsea_native_stable_input_order	unordered_directions_collapsed	exclude_and_report_coverage_never_impute_zero
Kuppe_MI_spatial_CTRL_vs_IZ	multi_sample	CRYCHIC_RC2_residual_fallback	liana-hypergraph-residual-rc2-v1	ConnectomeDB2020_Hou_2020_human	liana_residual_cardinality_percentile_with_crychic_wald_percentile_only_when_liana_pair_not_estimable	CTRL	0.4	observed		spatial_des	0.4684431977559608	0.4684431977559608	26	pos	maximum_positive_weighted_fgsea_running_sum	fgsea_scoreType=pos;gseaParam=1	1.0	fgsea_native_stable_input_order	unordered_directions_collapsed	exclude_and_report_coverage_never_impute_zero
Kuppe_MI_spatial_CTRL_vs_IZ	multi_sample	CRYCHIC_RC2_residual_fallback	liana-hypergraph-residual-rc2-v1	ConnectomeDB2020_Hou_2020_human	liana_residual_cardinality_percentile_with_crychic_wald_percentile_only_when_liana_pair_not_estimable	IZ	0.1	observed		spatial_des	0.6415094339622642	0.6415094339622642	21	pos	maximum_positive_weighted_fgsea_running_sum	fgsea_scoreType=pos;gseaParam=1	1.0	fgsea_native_stable_input_order	unordered_directions_collapsed	exclude_and_report_coverage_never_impute_zero
Kuppe_MI_spatial_CTRL_vs_IZ	multi_sample	CRYCHIC_RC2_residual_fallback	liana-hypergraph-residual-rc2-v1	ConnectomeDB2020_Hou_2020_human	liana_residual_cardinality_percentile_with_crychic_wald_percentile_only_when_liana_pair_not_estimable	IZ	0.2	observed		spatial_des	0.6122448979591836	0.6122448979591836	25	pos	maximum_positive_weighted_fgsea_running_sum	fgsea_scoreType=pos;gseaParam=1	1.0	fgsea_native_stable_input_order	unordered_directions_collapsed	exclude_and_report_coverage_never_impute_zero
Kuppe_MI_spatial_CTRL_vs_IZ	multi_sample	CRYCHIC_RC2_residual_fallback	liana-hypergraph-residual-rc2-v1	ConnectomeDB2020_Hou_2020_human	liana_residual_cardinality_percentile_with_crychic_wald_percentile_only_when_liana_pair_not_estimable	IZ	0.3	observed		spatial_des	0.5360312923123216	0.5360312923123216	25	pos	maximum_positive_weighted_fgsea_running_sum	fgsea_scoreType=pos;gseaParam=1	1.0	fgsea_native_stable_input_order	unordered_directions_collapsed	exclude_and_report_coverage_never_impute_zero
Kuppe_MI_spatial_CTRL_vs_IZ	multi_sample	CRYCHIC_RC2_residual_fallback	liana-hypergraph-residual-rc2-v1	ConnectomeDB2020_Hou_2020_human	liana_residual_cardinality_percentile_with_crychic_wald_percentile_only_when_liana_pair_not_estimable	IZ	0.4	observed		spatial_des	0.420437196391395	0.420437196391395	29	pos	maximum_positive_weighted_fgsea_running_sum	fgsea_scoreType=pos;gseaParam=1	1.0	fgsea_native_stable_input_order	unordered_directions_collapsed	exclude_and_report_coverage_never_impute_zero
Kuppe_MI_spatial_CTRL_vs_IZ	multi_sample	CRYCHIC_RC2_residual_strict	liana-hypergraph-residual-rc2-v1	ConnectomeDB2020_Hou_2020_human	exact_liana_raw_p_lt_0.05_cardinality_with_cv_gated_multiview_residual_direction	CTRL	0.1	observed		spatial_des	0.58	0.58	9	pos	maximum_positive_weighted_fgsea_running_sum	fgsea_scoreType=pos;gseaParam=1	1.0	fgsea_native_stable_input_order	unordered_directions_collapsed	exclude_and_report_coverage_never_impute_zero
Kuppe_MI_spatial_CTRL_vs_IZ	multi_sample	CRYCHIC_RC2_residual_strict	liana-hypergraph-residual-rc2-v1	ConnectomeDB2020_Hou_2020_human	exact_liana_raw_p_lt_0.05_cardinality_with_cv_gated_multiview_residual_direction	CTRL	0.2	observed		spatial_des	0.4880918220946915	0.4880918220946915	9	pos	maximum_positive_weighted_fgsea_running_sum	fgsea_scoreType=pos;gseaParam=1	1.0	fgsea_native_stable_input_order	unordered_directions_collapsed	exclude_and_report_coverage_never_impute_zero
Kuppe_MI_spatial_CTRL_vs_IZ	multi_sample	CRYCHIC_RC2_residual_strict	liana-hypergraph-residual-rc2-v1	ConnectomeDB2020_Hou_2020_human	exact_liana_raw_p_lt_0.05_cardinality_with_cv_gated_multiview_residual_direction	CTRL	0.3	observed		spatial_des	0.45567144719687086	0.45567144719687086	12	pos	maximum_positive_weighted_fgsea_running_sum	fgsea_scoreType=pos;gseaParam=1	1.0	fgsea_native_stable_input_order	unordered_directions_collapsed	exclude_and_report_coverage_never_impute_zero
Kuppe_MI_spatial_CTRL_vs_IZ	multi_sample	CRYCHIC_RC2_residual_strict	liana-hypergraph-residual-rc2-v1	ConnectomeDB2020_Hou_2020_human	exact_liana_raw_p_lt_0.05_cardinality_with_cv_gated_multiview_residual_direction	CTRL	0.4	observed		spatial_des	0.2891649413388543	0.2891649413388543	26	pos	maximum_positive_weighted_fgsea_running_sum	fgsea_scoreType=pos;gseaParam=1	1.0	fgsea_native_stable_input_order	unordered_directions_collapsed	exclude_and_report_coverage_never_impute_zero
Kuppe_MI_spatial_CTRL_vs_IZ	multi_sample	CRYCHIC_RC2_residual_strict	liana-hypergraph-residual-rc2-v1	ConnectomeDB2020_Hou_2020_human	exact_liana_raw_p_lt_0.05_cardinality_with_cv_gated_multiview_residual_direction	IZ	0.1	observed		spatial_des	0.5581395348837209	0.5581395348837209	21	pos	maximum_positive_weighted_fgsea_running_sum	fgsea_scoreType=pos;gseaParam=1	1.0	fgsea_native_stable_input_order	unordered_directions_collapsed	exclude_and_report_coverage_never_impute_zero
Kuppe_MI_spatial_CTRL_vs_IZ	multi_sample	CRYCHIC_RC2_residual_strict	liana-hypergraph-residual-rc2-v1	ConnectomeDB2020_Hou_2020_human	exact_liana_raw_p_lt_0.05_cardinality_with_cv_gated_multiview_residual_direction	IZ	0.2	observed		spatial_des	0.5128205128205128	0.5128205128205128	25	pos	maximum_positive_weighted_fgsea_running_sum	fgsea_scoreType=pos;gseaParam=1	1.0	fgsea_native_stable_input_order	unordered_directions_collapsed	exclude_and_report_coverage_never_impute_zero
Kuppe_MI_spatial_CTRL_vs_IZ	multi_sample	CRYCHIC_RC2_residual_strict	liana-hypergraph-residual-rc2-v1	ConnectomeDB2020_Hou_2020_human	exact_liana_raw_p_lt_0.05_cardinality_with_cv_gated_multiview_residual_direction	IZ	0.3	observed		spatial_des	0.39367088607594936	0.39367088607594936	25	pos	maximum_positive_weighted_fgsea_running_sum	fgsea_scoreType=pos;gseaParam=1	1.0	fgsea_native_stable_input_order	unordered_directions_collapsed	exclude_and_report_coverage_never_impute_zero
Kuppe_MI_spatial_CTRL_vs_IZ	multi_sample	CRYCHIC_RC2_residual_strict	liana-hypergraph-residual-rc2-v1	ConnectomeDB2020_Hou_2020_human	exact_liana_raw_p_lt_0.05_cardinality_with_cv_gated_multiview_residual_direction	IZ	0.4	observed		spatial_des	0.30664451827242534	0.30664451827242534	25	pos	maximum_positive_weighted_fgsea_running_sum	fgsea_scoreType=pos;gseaParam=1	1.0	fgsea_native_stable_input_order	unordered_directions_collapsed	exclude_and_report_coverage_never_impute_zero
Kuppe_MI_spatial_CTRL_vs_IZ	multi_sample	CRYCHIC_RC3_program_soft_fallback	receiver-program-soft-rc3-v1	ConnectomeDB2020_Hou_2020_human	receiver_program_soft_cardinality_percentile_with_crychic_wald_percentile_only_when_liana_pair_not_estimable	CTRL	0.1	observed		spatial_des	0.6730769230769231	0.6730769230769231	20	pos	maximum_positive_weighted_fgsea_running_sum	fgsea_scoreType=pos;gseaParam=1	1.0	fgsea_native_stable_input_order	unordered_directions_collapsed	exclude_and_report_coverage_never_impute_zero
Kuppe_MI_spatial_CTRL_vs_IZ	multi_sample	CRYCHIC_RC3_program_soft_fallback	receiver-program-soft-rc3-v1	ConnectomeDB2020_Hou_2020_human	receiver_program_soft_cardinality_percentile_with_crychic_wald_percentile_only_when_liana_pair_not_estimable	CTRL	0.2	observed		spatial_des	0.5850340136054422	0.5850340136054422	20	pos	maximum_positive_weighted_fgsea_running_sum	fgsea_scoreType=pos;gseaParam=1	1.0	fgsea_native_stable_input_order	unordered_directions_collapsed	exclude_and_report_coverage_never_impute_zero
Kuppe_MI_spatial_CTRL_vs_IZ	multi_sample	CRYCHIC_RC3_program_soft_fallback	receiver-program-soft-rc3-v1	ConnectomeDB2020_Hou_2020_human	receiver_program_soft_cardinality_percentile_with_crychic_wald_percentile_only_when_liana_pair_not_estimable	CTRL	0.3	observed		spatial_des	0.5677001569858713	0.5677001569858713	20	pos	maximum_positive_weighted_fgsea_running_sum	fgsea_scoreType=pos;gseaParam=1	1.0	fgsea_native_stable_input_order	unordered_directions_collapsed	exclude_and_report_coverage_never_impute_zero
Kuppe_MI_spatial_CTRL_vs_IZ	multi_sample	CRYCHIC_RC3_program_soft_fallback	receiver-program-soft-rc3-v1	ConnectomeDB2020_Hou_2020_human	receiver_program_soft_cardinality_percentile_with_crychic_wald_percentile_only_when_liana_pair_not_estimable	CTRL	0.4	observed		spatial_des	0.514898145332928	0.514898145332928	12	pos	maximum_positive_weighted_fgsea_running_sum	fgsea_scoreType=pos;gseaParam=1	1.0	fgsea_native_stable_input_order	unordered_directions_collapsed	exclude_and_report_coverage_never_impute_zero
Kuppe_MI_spatial_CTRL_vs_IZ	multi_sample	CRYCHIC_RC3_program_soft_fallback	receiver-program-soft-rc3-v1	ConnectomeDB2020_Hou_2020_human	receiver_program_soft_cardinality_percentile_with_crychic_wald_percentile_only_when_liana_pair_not_estimable	IZ	0.1	observed		spatial_des	0.5849056603773585	0.5849056603773585	24	pos	maximum_positive_weighted_fgsea_running_sum	fgsea_scoreType=pos;gseaParam=1	1.0	fgsea_native_stable_input_order	unordered_directions_collapsed	exclude_and_report_coverage_never_impute_zero
Kuppe_MI_spatial_CTRL_vs_IZ	multi_sample	CRYCHIC_RC3_program_soft_fallback	receiver-program-soft-rc3-v1	ConnectomeDB2020_Hou_2020_human	receiver_program_soft_cardinality_percentile_with_crychic_wald_percentile_only_when_liana_pair_not_estimable	IZ	0.2	observed		spatial_des	0.6326530612244896	0.6326530612244896	24	pos	maximum_positive_weighted_fgsea_running_sum	fgsea_scoreType=pos;gseaParam=1	1.0	fgsea_native_stable_input_order	unordered_directions_collapsed	exclude_and_report_coverage_never_impute_zero
Kuppe_MI_spatial_CTRL_vs_IZ	multi_sample	CRYCHIC_RC3_program_soft_fallback	receiver-program-soft-rc3-v1	ConnectomeDB2020_Hou_2020_human	receiver_program_soft_cardinality_percentile_with_crychic_wald_percentile_only_when_liana_pair_not_estimable	IZ	0.3	observed		spatial_des	0.5307670085223171	0.5307670085223171	24	pos	maximum_positive_weighted_fgsea_running_sum	fgsea_scoreType=pos;gseaParam=1	1.0	fgsea_native_stable_input_order	unordered_directions_collapsed	exclude_and_report_coverage_never_impute_zero
Kuppe_MI_spatial_CTRL_vs_IZ	multi_sample	CRYCHIC_RC3_program_soft_fallback	receiver-program-soft-rc3-v1	ConnectomeDB2020_Hou_2020_human	receiver_program_soft_cardinality_percentile_with_crychic_wald_percentile_only_when_liana_pair_not_estimable	IZ	0.4	observed		spatial_des	0.4118690587762752	0.4118690587762752	24	pos	maximum_positive_weighted_fgsea_running_sum	fgsea_scoreType=pos;gseaParam=1	1.0	fgsea_native_stable_input_order	unordered_directions_collapsed	exclude_and_report_coverage_never_impute_zero
Kuppe_MI_spatial_CTRL_vs_IZ	multi_sample	CRYCHIC_RC3_program_soft_strict	receiver-program-soft-rc3-v1	ConnectomeDB2020_Hou_2020_human	exact_rc2_calls_weighted_by_reliability_shrunk_oof_receiver_program_evidence;missing_program_evidence_neutral	CTRL	0.1	observed		spatial_des	0.5952380952380952	0.5952380952380952	20	pos	maximum_positive_weighted_fgsea_running_sum	fgsea_scoreType=pos;gseaParam=1	1.0	fgsea_native_stable_input_order	unordered_directions_collapsed	exclude_and_report_coverage_never_impute_zero
Kuppe_MI_spatial_CTRL_vs_IZ	multi_sample	CRYCHIC_RC3_program_soft_strict	receiver-program-soft-rc3-v1	ConnectomeDB2020_Hou_2020_human	exact_rc2_calls_weighted_by_reliability_shrunk_oof_receiver_program_evidence;missing_program_evidence_neutral	CTRL	0.2	observed		spatial_des	0.46658529970928825	0.46658529970928825	20	pos	maximum_positive_weighted_fgsea_running_sum	fgsea_scoreType=pos;gseaParam=1	1.0	fgsea_native_stable_input_order	unordered_directions_collapsed	exclude_and_report_coverage_never_impute_zero
Kuppe_MI_spatial_CTRL_vs_IZ	multi_sample	CRYCHIC_RC3_program_soft_strict	receiver-program-soft-rc3-v1	ConnectomeDB2020_Hou_2020_human	exact_rc2_calls_weighted_by_reliability_shrunk_oof_receiver_program_evidence;missing_program_evidence_neutral	CTRL	0.3	observed		spatial_des	0.4552458831735469	0.4552458831735469	12	pos	maximum_positive_weighted_fgsea_running_sum	fgsea_scoreType=pos;gseaParam=1	1.0	fgsea_native_stable_input_order	unordered_directions_collapsed	exclude_and_report_coverage_never_impute_zero
Kuppe_MI_spatial_CTRL_vs_IZ	multi_sample	CRYCHIC_RC3_program_soft_strict	receiver-program-soft-rc3-v1	ConnectomeDB2020_Hou_2020_human	exact_rc2_calls_weighted_by_reliability_shrunk_oof_receiver_program_evidence;missing_program_evidence_neutral	CTRL	0.4	observed		spatial_des	0.4154601111266524	0.4154601111266524	12	pos	maximum_positive_weighted_fgsea_running_sum	fgsea_scoreType=pos;gseaParam=1	1.0	fgsea_native_stable_input_order	unordered_directions_collapsed	exclude_and_report_coverage_never_impute_zero
Kuppe_MI_spatial_CTRL_vs_IZ	multi_sample	CRYCHIC_RC3_program_soft_strict	receiver-program-soft-rc3-v1	ConnectomeDB2020_Hou_2020_human	exact_rc2_calls_weighted_by_reliability_shrunk_oof_receiver_program_evidence;missing_program_evidence_neutral	IZ	0.1	observed		spatial_des	0.4883720930232558	0.4883720930232558	24	pos	maximum_positive_weighted_fgsea_running_sum	fgsea_scoreType=pos;gseaParam=1	1.0	fgsea_native_stable_input_order	unordered_directions_collapsed	exclude_and_report_coverage_never_impute_zero
Kuppe_MI_spatial_CTRL_vs_IZ	multi_sample	CRYCHIC_RC3_program_soft_strict	receiver-program-soft-rc3-v1	ConnectomeDB2020_Hou_2020_human	exact_rc2_calls_weighted_by_reliability_shrunk_oof_receiver_program_evidence;missing_program_evidence_neutral	IZ	0.2	observed		spatial_des	0.5384615384615384	0.5384615384615384	24	pos	maximum_positive_weighted_fgsea_running_sum	fgsea_scoreType=pos;gseaParam=1	1.0	fgsea_native_stable_input_order	unordered_directions_collapsed	exclude_and_report_coverage_never_impute_zero
Kuppe_MI_spatial_CTRL_vs_IZ	multi_sample	CRYCHIC_RC3_program_soft_strict	receiver-program-soft-rc3-v1	ConnectomeDB2020_Hou_2020_human	exact_rc2_calls_weighted_by_reliability_shrunk_oof_receiver_program_evidence;missing_program_evidence_neutral	IZ	0.3	observed		spatial_des	0.4232314073004899	0.4232314073004899	24	pos	maximum_positive_weighted_fgsea_running_sum	fgsea_scoreType=pos;gseaParam=1	1.0	fgsea_native_stable_input_order	unordered_directions_collapsed	exclude_and_report_coverage_never_impute_zero
Kuppe_MI_spatial_CTRL_vs_IZ	multi_sample	CRYCHIC_RC3_program_soft_strict	receiver-program-soft-rc3-v1	ConnectomeDB2020_Hou_2020_human	exact_rc2_calls_weighted_by_reliability_shrunk_oof_receiver_program_evidence;missing_program_evidence_neutral	IZ	0.4	observed		spatial_des	0.33623144136732525	0.33623144136732525	24	pos	maximum_positive_weighted_fgsea_running_sum	fgsea_scoreType=pos;gseaParam=1	1.0	fgsea_native_stable_input_order	unordered_directions_collapsed	exclude_and_report_coverage_never_impute_zero
Kuppe_MI_spatial_CTRL_vs_IZ	multi_sample	D	component-swap-rc0-v1	ConnectomeDB2020_Hou_2020_human	abs_hc2_z>=1	CTRL	0.1	observed		spatial_des	0.032258064516129004	0.032258064516129004	33	pos	maximum_positive_weighted_fgsea_running_sum	fgsea_scoreType=pos;gseaParam=1	1.0	fgsea_native_stable_input_order	unordered_directions_collapsed	exclude_and_report_coverage_never_impute_zero
Kuppe_MI_spatial_CTRL_vs_IZ	multi_sample	D	component-swap-rc0-v1	ConnectomeDB2020_Hou_2020_human	abs_hc2_z>=1	CTRL	0.2	observed		spatial_des	0.032258064516129004	0.032258064516129004	33	pos	maximum_positive_weighted_fgsea_running_sum	fgsea_scoreType=pos;gseaParam=1	1.0	fgsea_native_stable_input_order	unordered_directions_collapsed	exclude_and_report_coverage_never_impute_zero
Kuppe_MI_spatial_CTRL_vs_IZ	multi_sample	D	component-swap-rc0-v1	ConnectomeDB2020_Hou_2020_human	abs_hc2_z>=1	CTRL	0.3	observed		spatial_des	0.033333333333333326	0.033333333333333326	33	pos	maximum_positive_weighted_fgsea_running_sum	fgsea_scoreType=pos;gseaParam=1	1.0	fgsea_native_stable_input_order	unordered_directions_collapsed	exclude_and_report_coverage_never_impute_zero
Kuppe_MI_spatial_CTRL_vs_IZ	multi_sample	D	component-swap-rc0-v1	ConnectomeDB2020_Hou_2020_human	abs_hc2_z>=1	CTRL	0.4	observed		spatial_des	0.1604785346673912	0.1604785346673912	4	pos	maximum_positive_weighted_fgsea_running_sum	fgsea_scoreType=pos;gseaParam=1	1.0	fgsea_native_stable_input_order	unordered_directions_collapsed	exclude_and_report_coverage_never_impute_zero
Kuppe_MI_spatial_CTRL_vs_IZ	multi_sample	D	component-swap-rc0-v1	ConnectomeDB2020_Hou_2020_human	abs_hc2_z>=1	IZ	0.1	observed		spatial_des	0.22929687499999996	0.22929687499999996	15	pos	maximum_positive_weighted_fgsea_running_sum	fgsea_scoreType=pos;gseaParam=1	1.0	fgsea_native_stable_input_order	unordered_directions_collapsed	exclude_and_report_coverage_never_impute_zero
Kuppe_MI_spatial_CTRL_vs_IZ	multi_sample	D	component-swap-rc0-v1	ConnectomeDB2020_Hou_2020_human	abs_hc2_z>=1	IZ	0.2	observed		spatial_des	0.3247752011358258	0.3247752011358258	18	pos	maximum_positive_weighted_fgsea_running_sum	fgsea_scoreType=pos;gseaParam=1	1.0	fgsea_native_stable_input_order	unordered_directions_collapsed	exclude_and_report_coverage_never_impute_zero
Kuppe_MI_spatial_CTRL_vs_IZ	multi_sample	D	component-swap-rc0-v1	ConnectomeDB2020_Hou_2020_human	abs_hc2_z>=1	IZ	0.3	observed		spatial_des	0.3014881743289929	0.3014881743289929	18	pos	maximum_positive_weighted_fgsea_running_sum	fgsea_scoreType=pos;gseaParam=1	1.0	fgsea_native_stable_input_order	unordered_directions_collapsed	exclude_and_report_coverage_never_impute_zero
Kuppe_MI_spatial_CTRL_vs_IZ	multi_sample	D	component-swap-rc0-v1	ConnectomeDB2020_Hou_2020_human	abs_hc2_z>=1	IZ	0.4	observed		spatial_des	0.3478669636684846	0.3478669636684846	18	pos	maximum_positive_weighted_fgsea_running_sum	fgsea_scoreType=pos;gseaParam=1	1.0	fgsea_native_stable_input_order	unordered_directions_collapsed	exclude_and_report_coverage_never_impute_zero
Kuppe_MI_spatial_CTRL_vs_IZ	multi_sample	F	component-swap-rc0-v1	ConnectomeDB2020_Hou_2020_human	continuous_two_sided_hc2_sign_evidence_no_hard_selection	CTRL	0.1	observed		spatial_des	0.23076923076923073	0.23076923076923073	43	pos	maximum_positive_weighted_fgsea_running_sum	fgsea_scoreType=pos;gseaParam=1	1.0	fgsea_native_stable_input_order	unordered_directions_collapsed	exclude_and_report_coverage_never_impute_zero
Kuppe_MI_spatial_CTRL_vs_IZ	multi_sample	F	component-swap-rc0-v1	ConnectomeDB2020_Hou_2020_human	continuous_two_sided_hc2_sign_evidence_no_hard_selection	CTRL	0.2	observed		spatial_des	0.23529411764705888	0.23529411764705888	43	pos	maximum_positive_weighted_fgsea_running_sum	fgsea_scoreType=pos;gseaParam=1	1.0	fgsea_native_stable_input_order	unordered_directions_collapsed	exclude_and_report_coverage_never_impute_zero
Kuppe_MI_spatial_CTRL_vs_IZ	multi_sample	F	component-swap-rc0-v1	ConnectomeDB2020_Hou_2020_human	continuous_two_sided_hc2_sign_evidence_no_hard_selection	CTRL	0.3	observed		spatial_des	0.24489795918367352	0.24489795918367352	43	pos	maximum_positive_weighted_fgsea_running_sum	fgsea_scoreType=pos;gseaParam=1	1.0	fgsea_native_stable_input_order	unordered_directions_collapsed	exclude_and_report_coverage_never_impute_zero
Kuppe_MI_spatial_CTRL_vs_IZ	multi_sample	F	component-swap-rc0-v1	ConnectomeDB2020_Hou_2020_human	continuous_two_sided_hc2_sign_evidence_no_hard_selection	CTRL	0.4	observed		spatial_des	0.36050202061033115	0.36050202061033115	28	pos	maximum_positive_weighted_fgsea_running_sum	fgsea_scoreType=pos;gseaParam=1	1.0	fgsea_native_stable_input_order	unordered_directions_collapsed	exclude_and_report_coverage_never_impute_zero
Kuppe_MI_spatial_CTRL_vs_IZ	multi_sample	F	component-swap-rc0-v1	ConnectomeDB2020_Hou_2020_human	continuous_two_sided_hc2_sign_evidence_no_hard_selection	IZ	0.1	observed		spatial_des	0.6981132075471697	0.6981132075471697	18	pos	maximum_positive_weighted_fgsea_running_sum	fgsea_scoreType=pos;gseaParam=1	1.0	fgsea_native_stable_input_order	unordered_directions_collapsed	exclude_and_report_coverage_never_impute_zero
Kuppe_MI_spatial_CTRL_vs_IZ	multi_sample	F	component-swap-rc0-v1	ConnectomeDB2020_Hou_2020_human	continuous_two_sided_hc2_sign_evidence_no_hard_selection	IZ	0.2	observed		spatial_des	0.6084846663246961	0.6084846663246961	18	pos	maximum_positive_weighted_fgsea_running_sum	fgsea_scoreType=pos;gseaParam=1	1.0	fgsea_native_stable_input_order	unordered_directions_collapsed	exclude_and_report_coverage_never_impute_zero
Kuppe_MI_spatial_CTRL_vs_IZ	multi_sample	F	component-swap-rc0-v1	ConnectomeDB2020_Hou_2020_human	continuous_two_sided_hc2_sign_evidence_no_hard_selection	IZ	0.3	observed		spatial_des	0.4829620216897282	0.4829620216897282	18	pos	maximum_positive_weighted_fgsea_running_sum	fgsea_scoreType=pos;gseaParam=1	1.0	fgsea_native_stable_input_order	unordered_directions_collapsed	exclude_and_report_coverage_never_impute_zero
Kuppe_MI_spatial_CTRL_vs_IZ	multi_sample	F	component-swap-rc0-v1	ConnectomeDB2020_Hou_2020_human	continuous_two_sided_hc2_sign_evidence_no_hard_selection	IZ	0.4	observed		spatial_des	0.47728909451793133	0.47728909451793133	18	pos	maximum_positive_weighted_fgsea_running_sum	fgsea_scoreType=pos;gseaParam=1	1.0	fgsea_native_stable_input_order	unordered_directions_collapsed	exclude_and_report_coverage_never_impute_zero
Kuppe_MI_spatial_CTRL_vs_IZ	multi_sample	R_liana_native	1.5.0	ConnectomeDB2020_Hou_2020_human	cardinality_of_unadjusted_interaction_pvalue_lt_0.05_condition_specific_directed_lr_by_interaction_stat_sign_after_unordered_cell_pair_collapse;sample_pseudobulk;LIANA_df_to_lr_expr_prop_0.1;PyDESeq2_Wald_stat	CTRL	0.1	observed		spatial_des	0.6672619047619047	0.6672619047619047	6	pos	maximum_positive_weighted_fgsea_running_sum	fgsea_scoreType=pos;gseaParam=1	1.0	fgsea_native_stable_input_order	unordered_directions_collapsed	exclude_and_report_coverage_never_impute_zero
Kuppe_MI_spatial_CTRL_vs_IZ	multi_sample	R_liana_native	1.5.0	ConnectomeDB2020_Hou_2020_human	cardinality_of_unadjusted_interaction_pvalue_lt_0.05_condition_specific_directed_lr_by_interaction_stat_sign_after_unordered_cell_pair_collapse;sample_pseudobulk;LIANA_df_to_lr_expr_prop_0.1;PyDESeq2_Wald_stat	CTRL	0.2	observed		spatial_des	0.5802168021680217	0.5802168021680217	6	pos	maximum_positive_weighted_fgsea_running_sum	fgsea_scoreType=pos;gseaParam=1	1.0	fgsea_native_stable_input_order	unordered_directions_collapsed	exclude_and_report_coverage_never_impute_zero
Kuppe_MI_spatial_CTRL_vs_IZ	multi_sample	R_liana_native	1.5.0	ConnectomeDB2020_Hou_2020_human	cardinality_of_unadjusted_interaction_pvalue_lt_0.05_condition_specific_directed_lr_by_interaction_stat_sign_after_unordered_cell_pair_collapse;sample_pseudobulk;LIANA_df_to_lr_expr_prop_0.1;PyDESeq2_Wald_stat	CTRL	0.3	observed		spatial_des	0.49328449328449325	0.49328449328449325	11	pos	maximum_positive_weighted_fgsea_running_sum	fgsea_scoreType=pos;gseaParam=1	1.0	fgsea_native_stable_input_order	unordered_directions_collapsed	exclude_and_report_coverage_never_impute_zero
Kuppe_MI_spatial_CTRL_vs_IZ	multi_sample	R_liana_native	1.5.0	ConnectomeDB2020_Hou_2020_human	cardinality_of_unadjusted_interaction_pvalue_lt_0.05_condition_specific_directed_lr_by_interaction_stat_sign_after_unordered_cell_pair_collapse;sample_pseudobulk;LIANA_df_to_lr_expr_prop_0.1;PyDESeq2_Wald_stat	CTRL	0.4	observed		spatial_des	0.29542483660130714	0.29542483660130714	11	pos	maximum_positive_weighted_fgsea_running_sum	fgsea_scoreType=pos;gseaParam=1	1.0	fgsea_native_stable_input_order	unordered_directions_collapsed	exclude_and_report_coverage_never_impute_zero
Kuppe_MI_spatial_CTRL_vs_IZ	multi_sample	R_liana_native	1.5.0	ConnectomeDB2020_Hou_2020_human	cardinality_of_unadjusted_interaction_pvalue_lt_0.05_condition_specific_directed_lr_by_interaction_stat_sign_after_unordered_cell_pair_collapse;sample_pseudobulk;LIANA_df_to_lr_expr_prop_0.1;PyDESeq2_Wald_stat	IZ	0.1	observed		spatial_des	0.5348837209302326	0.5348837209302326	22	pos	maximum_positive_weighted_fgsea_running_sum	fgsea_scoreType=pos;gseaParam=1	1.0	fgsea_native_stable_input_order	unordered_directions_collapsed	exclude_and_report_coverage_never_impute_zero
Kuppe_MI_spatial_CTRL_vs_IZ	multi_sample	R_liana_native	1.5.0	ConnectomeDB2020_Hou_2020_human	cardinality_of_unadjusted_interaction_pvalue_lt_0.05_condition_specific_directed_lr_by_interaction_stat_sign_after_unordered_cell_pair_collapse;sample_pseudobulk;LIANA_df_to_lr_expr_prop_0.1;PyDESeq2_Wald_stat	IZ	0.2	observed		spatial_des	0.4871794871794872	0.4871794871794872	26	pos	maximum_positive_weighted_fgsea_running_sum	fgsea_scoreType=pos;gseaParam=1	1.0	fgsea_native_stable_input_order	unordered_directions_collapsed	exclude_and_report_coverage_never_impute_zero
Kuppe_MI_spatial_CTRL_vs_IZ	multi_sample	R_liana_native	1.5.0	ConnectomeDB2020_Hou_2020_human	cardinality_of_unadjusted_interaction_pvalue_lt_0.05_condition_specific_directed_lr_by_interaction_stat_sign_after_unordered_cell_pair_collapse;sample_pseudobulk;LIANA_df_to_lr_expr_prop_0.1;PyDESeq2_Wald_stat	IZ	0.3	observed		spatial_des	0.36751018033740535	0.36751018033740535	26	pos	maximum_positive_weighted_fgsea_running_sum	fgsea_scoreType=pos;gseaParam=1	1.0	fgsea_native_stable_input_order	unordered_directions_collapsed	exclude_and_report_coverage_never_impute_zero
Kuppe_MI_spatial_CTRL_vs_IZ	multi_sample	R_liana_native	1.5.0	ConnectomeDB2020_Hou_2020_human	cardinality_of_unadjusted_interaction_pvalue_lt_0.05_condition_specific_directed_lr_by_interaction_stat_sign_after_unordered_cell_pair_collapse;sample_pseudobulk;LIANA_df_to_lr_expr_prop_0.1;PyDESeq2_Wald_stat	IZ	0.4	observed		spatial_des	0.33241758241758257	0.33241758241758257	28	pos	maximum_positive_weighted_fgsea_running_sum	fgsea_scoreType=pos;gseaParam=1	1.0	fgsea_native_stable_input_order	unordered_directions_collapsed	exclude_and_report_coverage_never_impute_zero
Kuppe_MI_spatial_CTRL_vs_IZ	multi_sample	R_scseq_native	2.0.0	ConnectomeDB2020_Hou_2020_human	cardinality_of_native_significant_directed_lr_after_unordered_cell_pair_collapse;raw_p<0.05;max_S_intra>0.5_or_all_NA;paper_zero_completed_cell_type_eligible_universe	CTRL	0.1	observed		spatial_des	0.7115384615384616	0.7115384615384616	17	pos	maximum_positive_weighted_fgsea_running_sum	fgsea_scoreType=pos;gseaParam=1	1.0	fgsea_native_stable_input_order	unordered_directions_collapsed	exclude_and_report_coverage_never_impute_zero
Kuppe_MI_spatial_CTRL_vs_IZ	multi_sample	R_scseq_native	2.0.0	ConnectomeDB2020_Hou_2020_human	cardinality_of_native_significant_directed_lr_after_unordered_cell_pair_collapse;raw_p<0.05;max_S_intra>0.5_or_all_NA;paper_zero_completed_cell_type_eligible_universe	CTRL	0.2	observed		spatial_des	0.7058823529411764	0.7058823529411764	17	pos	maximum_positive_weighted_fgsea_running_sum	fgsea_scoreType=pos;gseaParam=1	1.0	fgsea_native_stable_input_order	unordered_directions_collapsed	exclude_and_report_coverage_never_impute_zero
Kuppe_MI_spatial_CTRL_vs_IZ	multi_sample	R_scseq_native	2.0.0	ConnectomeDB2020_Hou_2020_human	cardinality_of_native_significant_directed_lr_after_unordered_cell_pair_collapse;raw_p<0.05;max_S_intra>0.5_or_all_NA;paper_zero_completed_cell_type_eligible_universe	CTRL	0.3	observed		spatial_des	0.7142857142857143	0.7142857142857143	17	pos	maximum_positive_weighted_fgsea_running_sum	fgsea_scoreType=pos;gseaParam=1	1.0	fgsea_native_stable_input_order	unordered_directions_collapsed	exclude_and_report_coverage_never_impute_zero
Kuppe_MI_spatial_CTRL_vs_IZ	multi_sample	R_scseq_native	2.0.0	ConnectomeDB2020_Hou_2020_human	cardinality_of_native_significant_directed_lr_after_unordered_cell_pair_collapse;raw_p<0.05;max_S_intra>0.5_or_all_NA;paper_zero_completed_cell_type_eligible_universe	CTRL	0.4	observed		spatial_des	0.6956521739130433	0.6956521739130433	18	pos	maximum_positive_weighted_fgsea_running_sum	fgsea_scoreType=pos;gseaParam=1	1.0	fgsea_native_stable_input_order	unordered_directions_collapsed	exclude_and_report_coverage_never_impute_zero
Kuppe_MI_spatial_CTRL_vs_IZ	multi_sample	R_scseq_native	2.0.0	ConnectomeDB2020_Hou_2020_human	cardinality_of_native_significant_directed_lr_after_unordered_cell_pair_collapse;raw_p<0.05;max_S_intra>0.5_or_all_NA;paper_zero_completed_cell_type_eligible_universe	IZ	0.1	observed		spatial_des	0.6415094339622642	0.6415094339622642	21	pos	maximum_positive_weighted_fgsea_running_sum	fgsea_scoreType=pos;gseaParam=1	1.0	fgsea_native_stable_input_order	unordered_directions_collapsed	exclude_and_report_coverage_never_impute_zero
Kuppe_MI_spatial_CTRL_vs_IZ	multi_sample	R_scseq_native	2.0.0	ConnectomeDB2020_Hou_2020_human	cardinality_of_native_significant_directed_lr_after_unordered_cell_pair_collapse;raw_p<0.05;max_S_intra>0.5_or_all_NA;paper_zero_completed_cell_type_eligible_universe	IZ	0.2	observed		spatial_des	0.653061224489796	0.653061224489796	21	pos	maximum_positive_weighted_fgsea_running_sum	fgsea_scoreType=pos;gseaParam=1	1.0	fgsea_native_stable_input_order	unordered_directions_collapsed	exclude_and_report_coverage_never_impute_zero
Kuppe_MI_spatial_CTRL_vs_IZ	multi_sample	R_scseq_native	2.0.0	ConnectomeDB2020_Hou_2020_human	cardinality_of_native_significant_directed_lr_after_unordered_cell_pair_collapse;raw_p<0.05;max_S_intra>0.5_or_all_NA;paper_zero_completed_cell_type_eligible_universe	IZ	0.3	observed		spatial_des	0.6802907694417776	0.6802907694417776	9	pos	maximum_positive_weighted_fgsea_running_sum	fgsea_scoreType=pos;gseaParam=1	1.0	fgsea_native_stable_input_order	unordered_directions_collapsed	exclude_and_report_coverage_never_impute_zero
Kuppe_MI_spatial_CTRL_vs_IZ	multi_sample	R_scseq_native	2.0.0	ConnectomeDB2020_Hou_2020_human	cardinality_of_native_significant_directed_lr_after_unordered_cell_pair_collapse;raw_p<0.05;max_S_intra>0.5_or_all_NA;paper_zero_completed_cell_type_eligible_universe	IZ	0.4	observed		spatial_des	0.7280522907171983	0.7280522907171983	9	pos	maximum_positive_weighted_fgsea_running_sum	fgsea_scoreType=pos;gseaParam=1	1.0	fgsea_native_stable_input_order	unordered_directions_collapsed	exclude_and_report_coverage_never_impute_zero
