protocol	fisher_definition	method_id	method_name	implementation	rank_cutoff	returned_rows	missing_rows	evaluation_rows	returned_max_rank	odds_ratio	p_value	status	reason_code	true_positive	false_positive	false_negative	true_negative	primary_8arm_substitute	q_value_bh_all_arms	q_value_bh_primary_8arm
current_returned_universe	paper_text_top_vs_remainder	crychic_availability_state	CRYCHIC availability-state	CRYCHIC 0.0.1.dev56+g87153a38e.d20260716	100	168750	0	168750	81152	2.0970743243535366	0.0034591672014113676	observed		23.0	77.0	21027.0	147623.0	True	0.01383666880564547	0.02767333761129094
current_returned_universe	author_released_code_top_vs_total	crychic_availability_state	CRYCHIC availability-state	CRYCHIC 0.0.1.dev56+g87153a38e.d20260716	100	168750	0	168750	81152	2.0958756208162383	0.0034700902716104194	observed		23.0	77.0	21027.0	147623.0	True	0.013880361086441676	0.027760722172883355
current_returned_universe	paper_text_top_vs_remainder	crychic_availability_state	CRYCHIC availability-state	CRYCHIC 0.0.1.dev56+g87153a38e.d20260716	250	168750	0	168750	81152	1.981613448867557	3.0229704892731673e-05	observed		55.0	195.0	20995.0	147505.0	True	0.0001209188195709267	0.00024183763914185338
current_returned_universe	author_released_code_top_vs_total	crychic_availability_state	CRYCHIC availability-state	CRYCHIC 0.0.1.dev56+g87153a38e.d20260716	250	168750	0	168750	81152	1.9790486631341737	3.053461621487973e-05	observed		55.0	195.0	20995.0	147505.0	True	0.00012213846485951892	0.00024427692971903784
current_returned_universe	paper_text_top_vs_remainder	crychic_availability_state	CRYCHIC availability-state	CRYCHIC 0.0.1.dev56+g87153a38e.d20260716	500	168750	0	168750	81152	1.9150306071283512	2.0629676246936008e-08	observed		107.0	393.0	20943.0	147307.0	True	8.251870498774404e-08	1.6503740997548806e-07
current_returned_universe	author_released_code_top_vs_total	crychic_availability_state	CRYCHIC availability-state	CRYCHIC 0.0.1.dev56+g87153a38e.d20260716	500	168750	0	168750	81152	1.9103793826645634	2.9639849976578644e-08	observed		107.0	393.0	20943.0	147307.0	True	3.556781997189437e-07	2.3711879981262915e-07
current_returned_universe	paper_text_top_vs_remainder	crychic_availability_state	CRYCHIC availability-state	CRYCHIC 0.0.1.dev56+g87153a38e.d20260716	1000	168750	0	168750	81152	1.8172781732795673	7.967409762511354e-13	observed		205.0	795.0	20845.0	146905.0	True	3.186963905004541e-12	6.373927810009083e-12
current_returned_universe	author_released_code_top_vs_total	crychic_availability_state	CRYCHIC availability-state	CRYCHIC 0.0.1.dev56+g87153a38e.d20260716	1000	168750	0	168750	81152	1.8093189321621177	1.2242693167974422e-12	observed		205.0	795.0	20845.0	146905.0	True	7.345615900784654e-12	9.794154534379537e-12
current_returned_universe	paper_text_top_vs_remainder	crychic_availability_state	CRYCHIC availability-state	CRYCHIC 0.0.1.dev56+g87153a38e.d20260716	2500	168750	0	168750	81152	1.556330815454398	8.234322537514131e-16	observed		451.0	2049.0	20599.0	145651.0	True	3.2937290150056523e-15	6.587458030011305e-15
current_returned_universe	author_released_code_top_vs_total	crychic_availability_state	CRYCHIC availability-state	CRYCHIC 0.0.1.dev56+g87153a38e.d20260716	2500	168750	0	168750	81152	1.5444113286244725	2.6547120503142172e-15	observed		451.0	2049.0	20599.0	145651.0	True	1.5928272301885302e-14	2.1237696402513738e-14
current_returned_universe	paper_text_top_vs_remainder	crychic_availability_state	CRYCHIC availability-state	CRYCHIC 0.0.1.dev56+g87153a38e.d20260716	5000	168750	0	168750	81152	1.4384118967452302	1.0547886408187542e-19	observed		842.0	4158.0	20208.0	143542.0	True	2.1095772816375084e-19	2.4611734952437597e-19
current_returned_universe	author_released_code_top_vs_total	crychic_availability_state	CRYCHIC availability-state	CRYCHIC 0.0.1.dev56+g87153a38e.d20260716	5000	168750	0	168750	81152	1.4208754208754208	1.3719574224305342e-18	observed		842.0	4158.0	20208.0	143542.0	True	6.8597871121526704e-18	9.60370195701374e-18
current_returned_universe	paper_text_top_vs_remainder	crychic_availability_state	CRYCHIC availability-state	CRYCHIC 0.0.1.dev56+g87153a38e.d20260716	10000	168750	0	168750	81152	1.3565260605625924	1.918896118835907e-25	observed		1593.0	8407.0	19457.0	139293.0	True	5.756688356507721e-25	9.594480594179535e-25
current_returned_universe	author_released_code_top_vs_total	crychic_availability_state	CRYCHIC availability-state	CRYCHIC 0.0.1.dev56+g87153a38e.d20260716	10000	168750	0	168750	81152	1.3295452522739364	1.4050903290940909e-22	observed		1593.0	8407.0	19457.0	139293.0	True	4.2152709872822726e-22	7.025451645470454e-22
current_returned_universe	paper_text_top_vs_remainder	crychic_availability_ecosystem	CRYCHIC availability-ecosystem	CRYCHIC 0.0.1.dev56+g87153a38e.d20260716	100	168750	0	168750	81152	1.4374938063479135	0.17249060237463829	observed		17.0	83.0	21033.0	147617.0	False	0.34498120474927657	
current_returned_universe	author_released_code_top_vs_total	crychic_availability_ecosystem	CRYCHIC availability-ecosystem	CRYCHIC 0.0.1.dev56+g87153a38e.d20260716	100	168750	0	168750	81152	1.4371404859342358	0.17256582939827503	observed		17.0	83.0	21033.0	147617.0	False	0.34513165879655006	
current_returned_universe	paper_text_top_vs_remainder	crychic_availability_ecosystem	CRYCHIC availability-ecosystem	CRYCHIC 0.0.1.dev56+g87153a38e.d20260716	250	168750	0	168750	81152	1.88996276722152	0.00010836579034905519	observed		53.0	197.0	20997.0	147503.0	False	0.00032509737104716553	
current_returned_universe	author_released_code_top_vs_total	crychic_availability_ecosystem	CRYCHIC availability-ecosystem	CRYCHIC 0.0.1.dev56+g87153a38e.d20260716	250	168750	0	168750	81152	1.8877220058598696	0.00010961086322874649	observed		53.0	197.0	20997.0	147503.0	False	0.00032883258968623944	
current_returned_universe	paper_text_top_vs_remainder	crychic_availability_ecosystem	CRYCHIC availability-ecosystem	CRYCHIC 0.0.1.dev56+g87153a38e.d20260716	500	168750	0	168750	81152	1.8244689518070014	2.969945024327799e-07	observed		103.0	397.0	20947.0	147303.0	False	8.909835072983396e-07	
current_returned_universe	author_released_code_top_vs_total	crychic_availability_ecosystem	CRYCHIC availability-ecosystem	CRYCHIC 0.0.1.dev56+g87153a38e.d20260716	500	168750	0	168750	81152	1.8204347331829578	3.103430519084193e-07	observed		103.0	397.0	20947.0	147303.0	False	1.8620583114505156e-06	
current_returned_universe	paper_text_top_vs_remainder	crychic_availability_ecosystem	CRYCHIC availability-ecosystem	CRYCHIC 0.0.1.dev56+g87153a38e.d20260716	1000	168750	0	168750	81152	1.862514453088343	6.227662089721931e-14	observed		209.0	791.0	20841.0	146909.0	False	3.7365972538331586e-13	
current_returned_universe	author_released_code_top_vs_total	crychic_availability_ecosystem	CRYCHIC availability-ecosystem	CRYCHIC 0.0.1.dev56+g87153a38e.d20260716	1000	168750	0	168750	81152	1.853950770394972	9.772291006794948e-14	observed		209.0	791.0	20841.0	146909.0	False	1.1726749208153938e-12	
current_returned_universe	paper_text_top_vs_remainder	crychic_availability_ecosystem	CRYCHIC availability-ecosystem	CRYCHIC 0.0.1.dev56+g87153a38e.d20260716	2500	168750	0	168750	81152	1.8410105251278919	1.2960434352493462e-30	observed		515.0	1985.0	20535.0	145715.0	False	1.5552521222992153e-29	
current_returned_universe	author_released_code_top_vs_total	crychic_availability_ecosystem	CRYCHIC availability-ecosystem	CRYCHIC 0.0.1.dev56+g87153a38e.d20260716	2500	168750	0	168750	81152	1.8204347331829578	1.349131833550458e-29	observed		515.0	1985.0	20535.0	145715.0	False	1.6189582002605496e-28	
current_returned_universe	paper_text_top_vs_remainder	crychic_availability_ecosystem	CRYCHIC availability-ecosystem	CRYCHIC 0.0.1.dev56+g87153a38e.d20260716	5000	168750	0	168750	81152	1.608787976193955	4.061016674565299e-34	observed		920.0	4080.0	20130.0	143620.0	False	4.061016674565298e-33	
current_returned_universe	author_released_code_top_vs_total	crychic_availability_ecosystem	CRYCHIC availability-ecosystem	CRYCHIC 0.0.1.dev56+g87153a38e.d20260716	5000	168750	0	168750	81152	1.582180615714219	5.311229941020867e-32	observed		920.0	4080.0	20130.0	143620.0	False	5.311229941020867e-31	
current_returned_universe	paper_text_top_vs_remainder	crychic_availability_ecosystem	CRYCHIC availability-ecosystem	CRYCHIC 0.0.1.dev56+g87153a38e.d20260716	10000	168750	0	168750	81152	1.4339015164064903	1.1574981940891002e-35	observed		1663.0	8337.0	19387.0	139363.0	False	6.944989164534602e-35	
current_returned_universe	author_released_code_top_vs_total	crychic_availability_ecosystem	CRYCHIC availability-ecosystem	CRYCHIC 0.0.1.dev56+g87153a38e.d20260716	10000	168750	0	168750	81152	1.3996222659654456	1.4351288285752482e-31	observed		1663.0	8337.0	19387.0	139363.0	False	8.610772971451489e-31	
current_returned_universe	paper_text_top_vs_remainder	cellchat_composite	CellChat composite	LIANA 1.7.3 current Python	100	2959	0	2959	2959	0.7153576129881527	0.2938319355500357	observed		14.0	86.0	530.0	2329.0	True	0.43190720406173594	0.4819349607215133
current_returned_universe	author_released_code_top_vs_total	cellchat_composite	CellChat composite	LIANA 1.7.3 current Python	100	2959	0	2959	2959	0.7226829685362517	0.29444120658954054	observed		14.0	86.0	530.0	2329.0	True	0.4317701089008603	0.4818856425362137
current_returned_universe	paper_text_top_vs_remainder	cellchat_composite	CellChat composite	LIANA 1.7.3 current Python	250	2959	0	2959	2959	1.1519667302027379	0.3937064099600679	observed		51.0	199.0	493.0	2216.0	True	0.39370640996006784	0.3937064099600679
current_returned_universe	author_released_code_top_vs_total	cellchat_composite	CellChat composite	LIANA 1.7.3 current Python	250	2959	0	2959	2959	1.1377198492462313	0.4455419580150153	observed		51.0	199.0	493.0	2216.0	True	0.4455419580150153	0.4455419580150153
current_returned_universe	paper_text_top_vs_remainder	cellchat_composite	CellChat composite	LIANA 1.7.3 current Python	500	2959	0	2959	2959	1.413435049798686	0.004327820745699863	observed		115.0	385.0	429.0	2030.0	True	0.008655641491399727	0.011540855321866302
current_returned_universe	author_released_code_top_vs_total	cellchat_composite	CellChat composite	LIANA 1.7.3 current Python	500	2959	0	2959	2959	1.3260360962566844	0.016381752185376106	observed		115.0	385.0	429.0	2030.0	True	0.028083003746359043	0.03276350437075221
current_returned_universe	paper_text_top_vs_remainder	cellchat_composite	CellChat composite	LIANA 1.7.3 current Python	1000	2959	0	2959	2959	1.8702114694531584	1.5309893816950468e-10	observed		249.0	751.0	295.0	1664.0	True	3.674374516068112e-10	6.123957526780187e-10
current_returned_universe	author_released_code_top_vs_total	cellchat_composite	CellChat composite	LIANA 1.7.3 current Python	1000	2959	0	2959	2959	1.4718977637659592	1.3637332474730555e-05	observed		249.0	751.0	295.0	1664.0	True	2.7274664949461108e-05	3.6366219932614815e-05
current_returned_universe	paper_text_top_vs_remainder	cellchat_composite	CellChat composite	LIANA 1.7.3 current Python	2500	2959	0	2959	2959	2.014416749750748	2.8936073245441797e-06	observed		494.0	2006.0	50.0	409.0	True	4.340410986816269e-06	4.629771719270688e-06
current_returned_universe	author_released_code_top_vs_total	cellchat_composite	CellChat composite	LIANA 1.7.3 current Python	2500	2959	0	2959	2959	1.0932368336167966	0.20042277813534898	observed		494.0	2006.0	50.0	409.0	True	0.24050733376241878	0.26723037084713197
current_returned_universe	paper_text_top_vs_remainder	cellchat_composite	CellChat composite	LIANA 1.7.3 current Python	5000	2959	0	2959	2959			not_estimable	cutoff_exceeds_returned_rank_range					True		
current_returned_universe	author_released_code_top_vs_total	cellchat_composite	CellChat composite	LIANA 1.7.3 current Python	5000	2959	0	2959	2959			not_estimable	cutoff_exceeds_returned_rank_range					True		
current_returned_universe	paper_text_top_vs_remainder	cellchat_composite	CellChat composite	LIANA 1.7.3 current Python	10000	2959	0	2959	2959			not_estimable	cutoff_exceeds_returned_rank_range					True		
current_returned_universe	author_released_code_top_vs_total	cellchat_composite	CellChat composite	LIANA 1.7.3 current Python	10000	2959	0	2959	2959			not_estimable	cutoff_exceeds_returned_rank_range					True		
current_returned_universe	paper_text_top_vs_remainder	cellchat_pvalue	CellChat p-value	LIANA 1.7.3 current Python	100	10353	0	10353	3089	1.4652756839333454	1.1783929556647018e-10	observed		544.0	2369.0	1008.0	6432.0	False	7.070357733988211e-10	
current_returned_universe	author_released_code_top_vs_total	cellchat_pvalue	CellChat p-value	LIANA 1.7.3 current Python	100	10353	0	10353	3089	1.3021893617299047	2.3572463048612575e-06	observed		544.0	2369.0	1008.0	6432.0	False	2.0816748532991275e-05	
current_returned_universe	paper_text_top_vs_remainder	cellchat_pvalue	CellChat p-value	LIANA 1.7.3 current Python	250	10353	0	10353	3089	1.4652756839333454	1.1783929556647018e-10	observed		544.0	2369.0	1008.0	6432.0	False	7.070357733988211e-10	
current_returned_universe	author_released_code_top_vs_total	cellchat_pvalue	CellChat p-value	LIANA 1.7.3 current Python	250	10353	0	10353	3089	1.3021893617299047	2.3572463048612575e-06	observed		544.0	2369.0	1008.0	6432.0	False	2.0816748532991275e-05	
current_returned_universe	paper_text_top_vs_remainder	cellchat_pvalue	CellChat p-value	LIANA 1.7.3 current Python	500	10353	0	10353	3089	1.4652756839333454	1.1783929556647018e-10	observed		544.0	2369.0	1008.0	6432.0	False	7.070357733988211e-10	
current_returned_universe	author_released_code_top_vs_total	cellchat_pvalue	CellChat p-value	LIANA 1.7.3 current Python	500	10353	0	10353	3089	1.3021893617299047	2.3572463048612575e-06	observed		544.0	2369.0	1008.0	6432.0	False	9.42898521944503e-06	
current_returned_universe	paper_text_top_vs_remainder	cellchat_pvalue	CellChat p-value	LIANA 1.7.3 current Python	1000	10353	0	10353	3089	1.4652756839333454	1.1783929556647018e-10	observed		544.0	2369.0	1008.0	6432.0	False	3.5351788669941054e-10	
current_returned_universe	author_released_code_top_vs_total	cellchat_pvalue	CellChat p-value	LIANA 1.7.3 current Python	1000	10353	0	10353	3089	1.3021893617299047	2.3572463048612575e-06	observed		544.0	2369.0	1008.0	6432.0	False	7.0717389145837725e-06	
current_returned_universe	paper_text_top_vs_remainder	cellchat_pvalue	CellChat p-value	LIANA 1.7.3 current Python	2500	10353	0	10353	3089	1.4652756839333454	1.1783929556647018e-10	observed		544.0	2369.0	1008.0	6432.0	False	3.357684582383412e-10	
current_returned_universe	author_released_code_top_vs_total	cellchat_pvalue	CellChat p-value	LIANA 1.7.3 current Python	2500	10353	0	10353	3089	1.3021893617299047	2.3572463048612575e-06	observed		544.0	2369.0	1008.0	6432.0	False	7.0717389145837725e-06	
current_returned_universe	paper_text_top_vs_remainder	cellchat_pvalue	CellChat p-value	LIANA 1.7.3 current Python	5000	10353	0	10353	3089			not_estimable	cutoff_exceeds_returned_rank_range					False		
current_returned_universe	author_released_code_top_vs_total	cellchat_pvalue	CellChat p-value	LIANA 1.7.3 current Python	5000	10353	0	10353	3089			not_estimable	cutoff_exceeds_returned_rank_range					False		
current_returned_universe	paper_text_top_vs_remainder	cellchat_pvalue	CellChat p-value	LIANA 1.7.3 current Python	10000	10353	0	10353	3089			not_estimable	cutoff_exceeds_returned_rank_range					False		
current_returned_universe	author_released_code_top_vs_total	cellchat_pvalue	CellChat p-value	LIANA 1.7.3 current Python	10000	10353	0	10353	3089			not_estimable	cutoff_exceeds_returned_rank_range					False		
current_returned_universe	paper_text_top_vs_remainder	cellphonedb_composite	CellPhoneDB composite	LIANA 1.7.3 current Python	100	7302	0	7302	7302	0.5306067896284415	0.060817220158614904	observed		10.0	90.0	1247.0	5955.0	True	0.1824516604758447	0.24326888063445962
current_returned_universe	author_released_code_top_vs_total	cellphonedb_composite	CellPhoneDB composite	LIANA 1.7.3 current Python	100	7302	0	7302	7302	0.5343410236011668	0.06075743974661397	observed		10.0	90.0	1247.0	5955.0	True	0.1822723192398419	0.24302975898645587
current_returned_universe	paper_text_top_vs_remainder	cellphonedb_composite	CellPhoneDB composite	LIANA 1.7.3 current Python	250	7302	0	7302	7302	0.7240896358543417	0.08863719155740059	observed		33.0	217.0	1224.0	5828.0	True	0.1409692761463721	0.1409692761463721
current_returned_universe	author_released_code_top_vs_total	cellphonedb_composite	CellPhoneDB composite	LIANA 1.7.3 current Python	250	7302	0	7302	7302	0.7313331060347766	0.1043725441511075	observed		33.0	217.0	1224.0	5828.0	True	0.1405483646381057	0.1405483646381057
current_returned_universe	paper_text_top_vs_remainder	cellphonedb_composite	CellPhoneDB composite	LIANA 1.7.3 current Python	500	7302	0	7302	7302	1.0910628629134056	0.46168590780699204	observed		92.0	408.0	1165.0	5637.0	True	0.4616859078069921	0.46168590780699204
current_returned_universe	author_released_code_top_vs_total	cellphonedb_composite	CellPhoneDB composite	LIANA 1.7.3 current Python	500	7302	0	7302	7302	1.0843979596611915	0.5013730746796943	observed		92.0	408.0	1165.0	5637.0	True	0.5013730746796943	0.5013730746796943
current_returned_universe	paper_text_top_vs_remainder	cellphonedb_composite	CellPhoneDB composite	LIANA 1.7.3 current Python	1000	7302	0	7302	7302	0.9037635108738117	0.2996707722157252	observed		160.0	840.0	1097.0	5205.0	True	0.326913569689882	0.34248088253225734
current_returned_universe	author_released_code_top_vs_total	cellphonedb_composite	CellPhoneDB composite	LIANA 1.7.3 current Python	1000	7302	0	7302	7302	0.9160131833162859	0.3470736819768252	observed		160.0	840.0	1097.0	5205.0	True	0.3786258348838093	0.39665563654494307
current_returned_universe	paper_text_top_vs_remainder	cellphonedb_composite	CellPhoneDB composite	LIANA 1.7.3 current Python	2500	7302	0	7302	7302	1.0775847736357789	0.2529978263290361	observed		448.0	2052.0	809.0	3993.0	True	0.2759976287225849	0.28914037294746986
current_returned_universe	author_released_code_top_vs_total	cellphonedb_composite	CellPhoneDB composite	LIANA 1.7.3 current Python	2500	7302	0	7302	7302	1.0499332393566787	0.426829893271506	observed		448.0	2052.0	809.0	3993.0	True	0.4656326108416429	0.47147569476357337
current_returned_universe	paper_text_top_vs_remainder	cellphonedb_composite	CellPhoneDB composite	LIANA 1.7.3 current Python	5000	7302	0	7302	7302	1.1630268947277316	0.02765080307065803	observed		894.0	4106.0	363.0	1939.0	True	0.02765080307065803	0.02765080307065803
current_returned_universe	author_released_code_top_vs_total	cellphonedb_composite	CellPhoneDB composite	LIANA 1.7.3 current Python	5000	7302	0	7302	7302	1.0470793657805622	0.3460310810414385	observed		894.0	4106.0	363.0	1939.0	True	0.3460310810414385	0.3460310810414385
current_returned_universe	paper_text_top_vs_remainder	cellphonedb_composite	CellPhoneDB composite	LIANA 1.7.3 current Python	10000	7302	0	7302	7302			not_estimable	cutoff_exceeds_returned_rank_range					True		
current_returned_universe	author_released_code_top_vs_total	cellphonedb_composite	CellPhoneDB composite	LIANA 1.7.3 current Python	10000	7302	0	7302	7302			not_estimable	cutoff_exceeds_returned_rank_range					True		
current_returned_universe	paper_text_top_vs_remainder	cellphonedb_pvalue	CellPhoneDB p-value	LIANA 1.7.3 current Python	100	10353	0	10353	9195	1.9105518255329577	3.623936554717127e-26	observed		1181.0	5500.0	371.0	3301.0	False	4.348723865660553e-25	
current_returned_universe	author_released_code_top_vs_total	cellphonedb_pvalue	CellPhoneDB p-value	LIANA 1.7.3 current Python	100	10353	0	10353	9195	1.217664128397376	3.469458088831879e-06	observed		1181.0	5500.0	371.0	3301.0	False	2.0816748532991275e-05	
current_returned_universe	paper_text_top_vs_remainder	cellphonedb_pvalue	CellPhoneDB p-value	LIANA 1.7.3 current Python	250	10353	0	10353	9195	1.9105518255329577	3.623936554717127e-26	observed		1181.0	5500.0	371.0	3301.0	False	4.348723865660553e-25	
current_returned_universe	author_released_code_top_vs_total	cellphonedb_pvalue	CellPhoneDB p-value	LIANA 1.7.3 current Python	250	10353	0	10353	9195	1.217664128397376	3.469458088831879e-06	observed		1181.0	5500.0	371.0	3301.0	False	2.0816748532991275e-05	
current_returned_universe	paper_text_top_vs_remainder	cellphonedb_pvalue	CellPhoneDB p-value	LIANA 1.7.3 current Python	500	10353	0	10353	9195	1.9105518255329577	3.623936554717127e-26	observed		1181.0	5500.0	371.0	3301.0	False	4.348723865660553e-25	
current_returned_universe	author_released_code_top_vs_total	cellphonedb_pvalue	CellPhoneDB p-value	LIANA 1.7.3 current Python	500	10353	0	10353	9195	1.217664128397376	3.469458088831879e-06	observed		1181.0	5500.0	371.0	3301.0	False	1.0408374266495638e-05	
current_returned_universe	paper_text_top_vs_remainder	cellphonedb_pvalue	CellPhoneDB p-value	LIANA 1.7.3 current Python	1000	10353	0	10353	9195	1.9105518255329577	3.623936554717127e-26	observed		1181.0	5500.0	371.0	3301.0	False	4.348723865660553e-25	
current_returned_universe	author_released_code_top_vs_total	cellphonedb_pvalue	CellPhoneDB p-value	LIANA 1.7.3 current Python	1000	10353	0	10353	9195	1.217664128397376	3.469458088831879e-06	observed		1181.0	5500.0	371.0	3301.0	False	8.32669941319651e-06	
current_returned_universe	paper_text_top_vs_remainder	cellphonedb_pvalue	CellPhoneDB p-value	LIANA 1.7.3 current Python	2500	10353	0	10353	9195	1.9105518255329577	3.623936554717127e-26	observed		1181.0	5500.0	371.0	3301.0	False	2.1743619328302766e-25	
current_returned_universe	author_released_code_top_vs_total	cellphonedb_pvalue	CellPhoneDB p-value	LIANA 1.7.3 current Python	2500	10353	0	10353	9195	1.217664128397376	3.469458088831879e-06	observed		1181.0	5500.0	371.0	3301.0	False	8.32669941319651e-06	
current_returned_universe	paper_text_top_vs_remainder	cellphonedb_pvalue	CellPhoneDB p-value	LIANA 1.7.3 current Python	5000	10353	0	10353	9195	1.9105518255329577	3.623936554717127e-26	observed		1181.0	5500.0	371.0	3301.0	False	1.8119682773585635e-25	
current_returned_universe	author_released_code_top_vs_total	cellphonedb_pvalue	CellPhoneDB p-value	LIANA 1.7.3 current Python	5000	10353	0	10353	9195	1.217664128397376	3.469458088831879e-06	observed		1181.0	5500.0	371.0	3301.0	False	5.782430148053132e-06	
current_returned_universe	paper_text_top_vs_remainder	cellphonedb_pvalue	CellPhoneDB p-value	LIANA 1.7.3 current Python	10000	10353	0	10353	9195			not_estimable	cutoff_exceeds_returned_rank_range					False		
current_returned_universe	author_released_code_top_vs_total	cellphonedb_pvalue	CellPhoneDB p-value	LIANA 1.7.3 current Python	10000	10353	0	10353	9195			not_estimable	cutoff_exceeds_returned_rank_range					False		
current_returned_universe	paper_text_top_vs_remainder	connectome_specificity	Connectome specificity	LIANA 1.7.3 current Python	100	10353	0	10353	10353	0.6987437021050099	0.32393040304630194	observed		11.0	89.0	1541.0	8712.0	True	0.43190720406173594	0.4819349607215133
current_returned_universe	author_released_code_top_vs_total	connectome_specificity	Connectome specificity	LIANA 1.7.3 current Python	100	10353	0	10353	10353	0.7008788949380285	0.32382758167564524	observed		11.0	89.0	1541.0	8712.0	True	0.4317701089008603	0.4818856425362137
current_returned_universe	paper_text_top_vs_remainder	connectome_specificity	Connectome specificity	LIANA 1.7.3 current Python	250	10353	0	10353	10353	0.5406662080036693	0.004020647353790022	observed		22.0	228.0	1530.0	8573.0	True	0.009649553649096053	0.016082589415160088
current_returned_universe	author_released_code_top_vs_total	connectome_specificity	Connectome specificity	LIANA 1.7.3 current Python	250	10353	0	10353	10353	0.5471773828902152	0.005116124983006712	observed		22.0	228.0	1530.0	8573.0	True	0.01227869995921611	0.02046449993202685
current_returned_universe	paper_text_top_vs_remainder	connectome_specificity	Connectome specificity	LIANA 1.7.3 current Python	500	10353	0	10353	10353	1.1015544764411072	0.44091492479619143	observed		81.0	419.0	1471.0	8382.0	True	0.4616859078069921	0.46168590780699204
current_returned_universe	author_released_code_top_vs_total	connectome_specificity	Connectome specificity	LIANA 1.7.3 current Python	500	10353	0	10353	10353	1.0962542750289104	0.4428475323188202	observed		81.0	419.0	1471.0	8382.0	True	0.4831063988932584	0.5013730746796943
current_returned_universe	paper_text_top_vs_remainder	connectome_specificity	Connectome specificity	LIANA 1.7.3 current Python	1000	10353	0	10353	10353	1.316183637197569	0.002069892063067889	observed		184.0	816.0	1368.0	7985.0	True	0.0031048380946018333	0.003311827300908622
current_returned_universe	author_released_code_top_vs_total	connectome_specificity	Connectome specificity	LIANA 1.7.3 current Python	1000	10353	0	10353	10353	1.2786979482514655	0.004984930287549082	observed		184.0	816.0	1368.0	7985.0	True	0.007477395431323623	0.007975888460078531
current_returned_universe	paper_text_top_vs_remainder	connectome_specificity	Connectome specificity	LIANA 1.7.3 current Python	2500	10353	0	10353	10353	1.4222992751051629	1.4155012070984674e-08	observed		465.0	2035.0	1087.0	6766.0	True	2.4265734978830872e-08	2.8310024141969347e-08
current_returned_universe	author_released_code_top_vs_total	connectome_specificity	Connectome specificity	LIANA 1.7.3 current Python	2500	10353	0	10353	10353	1.2957727526026495	1.1684755296720606e-05	observed		465.0	2035.0	1087.0	6766.0	True	2.0031009080092467e-05	2.336951059344121e-05
current_returned_universe	paper_text_top_vs_remainder	connectome_specificity	Connectome specificity	LIANA 1.7.3 current Python	5000	10353	0	10353	10353	1.7766943005388705	4.527709394072518e-25	observed		937.0	4063.0	615.0	4738.0	True	1.5092364646908395e-24	3.169396575850763e-24
current_returned_universe	author_released_code_top_vs_total	connectome_specificity	Connectome specificity	LIANA 1.7.3 current Python	5000	10353	0	10353	10353	1.3077751255356993	5.0396658236616314e-09	observed		937.0	4063.0	615.0	4738.0	True	1.6798886078872105e-08	1.763883038281571e-08
current_returned_universe	paper_text_top_vs_remainder	connectome_specificity	Connectome specificity	LIANA 1.7.3 current Python	10000	10353	0	10353	10353	6.973736418220278	3.966339848376327e-15	observed		1543.0	8457.0	9.0	344.0	True	7.932679696752653e-15	9.915849620940817e-15
current_returned_universe	author_released_code_top_vs_total	connectome_specificity	Connectome specificity	LIANA 1.7.3 current Python	10000	10353	0	10353	10353	1.0346415127345248	0.3903369669733989	observed		1543.0	8457.0	9.0	344.0	True	0.6349149461245333	0.6643861625870482
current_returned_universe	paper_text_top_vs_remainder	liana_magnitude_consensus	LIANA magnitude consensus	LIANA 1.7.3 current Python	100	10353	0	10353	7500	0.5582816405888343	0.11955934215373111	observed		9.0	91.0	1543.0	8710.0	False	0.2869424211689547	
current_returned_universe	author_released_code_top_vs_total	liana_magnitude_consensus	LIANA magnitude consensus	LIANA 1.7.3 current Python	100	10353	0	10353	7500	0.5608431516936672	0.11916179039709787	observed		9.0	91.0	1543.0	8710.0	False	0.2859882969530349	
current_returned_universe	paper_text_top_vs_remainder	liana_magnitude_consensus	LIANA magnitude consensus	LIANA 1.7.3 current Python	250	10353	0	10353	7500	0.8288749396426847	0.36980340811140544	observed		32.0	218.0	1520.0	8583.0	False	0.39370640996006784	
current_returned_universe	author_released_code_top_vs_total	liana_magnitude_consensus	LIANA magnitude consensus	LIANA 1.7.3 current Python	250	10353	0	10353	7500	0.8324032914026294	0.3699240507738766	observed		32.0	218.0	1520.0	8583.0	False	0.4035535099351381	
current_returned_universe	paper_text_top_vs_remainder	liana_magnitude_consensus	LIANA magnitude consensus	LIANA 1.7.3 current Python	500	10353	0	10353	7500	1.259867872276534	0.062251735625877685	observed		90.0	410.0	1462.0	8391.0	False	0.09337760343881653	
current_returned_universe	author_released_code_top_vs_total	liana_magnitude_consensus	LIANA magnitude consensus	LIANA 1.7.3 current Python	500	10353	0	10353	7500	1.2447982147347247	0.07333490726902064	observed		90.0	410.0	1462.0	8391.0	False	0.11000236090353097	
current_returned_universe	paper_text_top_vs_remainder	liana_magnitude_consensus	LIANA magnitude consensus	LIANA 1.7.3 current Python	1000	10353	0	10353	7500	1.125729079050784	0.19195990826141884	observed		164.0	836.0	1388.0	7965.0	False	0.23035188991370262	
current_returned_universe	author_released_code_top_vs_total	liana_magnitude_consensus	LIANA magnitude consensus	LIANA 1.7.3 current Python	1000	10353	0	10353	7500	1.1124432743057269	0.24768718840601667	observed		164.0	836.0	1388.0	7965.0	False	0.29722462608722	
current_returned_universe	paper_text_top_vs_remainder	liana_magnitude_consensus	LIANA magnitude consensus	LIANA 1.7.3 current Python	2500	10353	0	10353	7500	1.1710887041739473	0.012122697689994019	observed		414.0	2086.0	1138.0	6715.0	False	0.01454723722799282	
current_returned_universe	author_released_code_top_vs_total	liana_magnitude_consensus	LIANA magnitude consensus	LIANA 1.7.3 current Python	2500	10353	0	10353	7500	1.1254503513852785	0.05119958590093432	observed		414.0	2086.0	1138.0	6715.0	False	0.06826611453457909	
current_returned_universe	paper_text_top_vs_remainder	liana_magnitude_consensus	LIANA magnitude consensus	LIANA 1.7.3 current Python	5000	10353	0	10353	7500	1.316186797752809	6.943940735343813e-07	observed		840.0	4160.0	712.0	4641.0	False	9.919915336205447e-07	
current_returned_universe	author_released_code_top_vs_total	liana_magnitude_consensus	LIANA magnitude consensus	LIANA 1.7.3 current Python	5000	10353	0	10353	7500	1.145054768041237	0.004060047564981633	observed		840.0	4160.0	712.0	4641.0	False	0.005800067949973763	
current_returned_universe	paper_text_top_vs_remainder	liana_magnitude_consensus	LIANA magnitude consensus	LIANA 1.7.3 current Python	10000	10353	0	10353	7500			not_estimable	cutoff_exceeds_returned_rank_range					False		
current_returned_universe	author_released_code_top_vs_total	liana_magnitude_consensus	LIANA magnitude consensus	LIANA 1.7.3 current Python	10000	10353	0	10353	7500			not_estimable	cutoff_exceeds_returned_rank_range					False		
current_returned_universe	paper_text_top_vs_remainder	liana_specificity_consensus	LIANA specificity consensus	LIANA 1.7.3 current Python	100	10353	0	10353	5650	0.7715171192443919	0.4818796197695952	observed		12.0	88.0	1540.0	8713.0	True	0.4819349607215133	0.4819349607215133
current_returned_universe	author_released_code_top_vs_total	liana_specificity_consensus	LIANA specificity consensus	LIANA 1.7.3 current Python	100	10353	0	10353	5650	0.7732837394564198	0.48186556906780187	observed		12.0	88.0	1540.0	8713.0	True	0.4818856425362137	0.4818856425362137
current_returned_universe	paper_text_top_vs_remainder	liana_specificity_consensus	LIANA specificity consensus	LIANA 1.7.3 current Python	250	10353	0	10353	5650	0.7099973989737769	0.10572695710977909	observed		28.0	222.0	1524.0	8579.0	True	0.1409692761463721	0.1409692761463721
current_returned_universe	author_released_code_top_vs_total	liana_specificity_consensus	LIANA specificity consensus	LIANA 1.7.3 current Python	250	10353	0	10353	5650	0.7152294046623944	0.10541127347857926	observed		28.0	222.0	1524.0	8579.0	True	0.1405483646381057	0.1405483646381057
current_returned_universe	paper_text_top_vs_remainder	liana_specificity_consensus	LIANA specificity consensus	LIANA 1.7.3 current Python	500	10353	0	10353	5650	1.390818913902013	2.224172026478384e-06	observed		330.0	1431.0	1222.0	7370.0	True	5.338012863548122e-06	8.896688105913536e-06
current_returned_universe	author_released_code_top_vs_total	liana_specificity_consensus	LIANA specificity consensus	LIANA 1.7.3 current Python	500	10353	0	10353	5650	1.3077195314357346	8.912867609550315e-05	observed		330.0	1431.0	1222.0	7370.0	True	0.00021390882262920758	0.0003565147043820126
current_returned_universe	paper_text_top_vs_remainder	liana_specificity_consensus	LIANA specificity consensus	LIANA 1.7.3 current Python	1000	10353	0	10353	5650	1.390818913902013	2.224172026478384e-06	observed		330.0	1431.0	1222.0	7370.0	True	3.8128663311058015e-06	4.448344052956768e-06
current_returned_universe	author_released_code_top_vs_total	liana_specificity_consensus	LIANA specificity consensus	LIANA 1.7.3 current Python	1000	10353	0	10353	5650	1.3077195314357346	8.912867609550315e-05	observed		330.0	1431.0	1222.0	7370.0	True	0.0001527920161637197	0.0001782573521910063
current_returned_universe	paper_text_top_vs_remainder	liana_specificity_consensus	LIANA specificity consensus	LIANA 1.7.3 current Python	2500	10353	0	10353	5650	1.4319648917707724	6.663142513296618e-09	observed		467.0	2034.0	1085.0	6767.0	True	1.3326285026593238e-08	1.776838003545765e-08
current_returned_universe	author_released_code_top_vs_total	liana_specificity_consensus	LIANA specificity consensus	LIANA 1.7.3 current Python	2500	10353	0	10353	5650	1.3019857651876856	8.822199918032593e-06	observed		467.0	2034.0	1085.0	6767.0	True	1.7644399836065186e-05	2.336951059344121e-05
current_returned_universe	paper_text_top_vs_remainder	liana_specificity_consensus	LIANA specificity consensus	LIANA 1.7.3 current Python	5000	10353	0	10353	5650	1.684397493174485	5.659635134788395e-21	observed		920.0	4080.0	632.0	4721.0	True	1.4149087836970987e-20	1.980872297175938e-20
current_returned_universe	author_released_code_top_vs_total	liana_specificity_consensus	LIANA specificity consensus	LIANA 1.7.3 current Python	5000	10353	0	10353	5650	1.2786979482514655	1.023709718107735e-07	observed		920.0	4080.0	632.0	4721.0	True	2.559274295269338e-07	2.3886560089180483e-07
current_returned_universe	paper_text_top_vs_remainder	liana_specificity_consensus	LIANA specificity consensus	LIANA 1.7.3 current Python	10000	10353	0	10353	5650			not_estimable	cutoff_exceeds_returned_rank_range					True		
current_returned_universe	author_released_code_top_vs_total	liana_specificity_consensus	LIANA specificity consensus	LIANA 1.7.3 current Python	10000	10353	0	10353	5650			not_estimable	cutoff_exceeds_returned_rank_range					True		
current_returned_universe	paper_text_top_vs_remainder	logfc_specificity	logFC specificity	LIANA 1.7.3 current Python	100	10353	0	10353	10353	0.7715171192443919	0.4818796197695952	observed		12.0	88.0	1540.0	8713.0	True	0.4819349607215133	0.4819349607215133
current_returned_universe	author_released_code_top_vs_total	logfc_specificity	logFC specificity	LIANA 1.7.3 current Python	100	10353	0	10353	10353	0.7732837394564198	0.48186556906780187	observed		12.0	88.0	1540.0	8713.0	True	0.4818856425362137	0.4818856425362137
current_returned_universe	paper_text_top_vs_remainder	logfc_specificity	logFC specificity	LIANA 1.7.3 current Python	250	10353	0	10353	10353	0.7099973989737769	0.10572695710977909	observed		28.0	222.0	1524.0	8579.0	True	0.1409692761463721	0.1409692761463721
current_returned_universe	author_released_code_top_vs_total	logfc_specificity	logFC specificity	LIANA 1.7.3 current Python	250	10353	0	10353	10353	0.7152294046623944	0.10541127347857926	observed		28.0	222.0	1524.0	8579.0	True	0.1405483646381057	0.1405483646381057
current_returned_universe	paper_text_top_vs_remainder	logfc_specificity	logFC specificity	LIANA 1.7.3 current Python	500	10353	0	10353	10353	0.7944990959517023	0.10809400923755452	observed		62.0	438.0	1490.0	8363.0	True	0.1441253456500727	0.17295041478008724
current_returned_universe	author_released_code_top_vs_total	logfc_specificity	logFC specificity	LIANA 1.7.3 current Python	500	10353	0	10353	10353	0.8027085392835287	0.12226840930769711	observed		62.0	438.0	1490.0	8363.0	True	0.16302454574359615	0.19562945489231537
current_returned_universe	paper_text_top_vs_remainder	logfc_specificity	logFC specificity	LIANA 1.7.3 current Python	1000	10353	0	10353	10353	1.0007971804984477	1.0	observed		150.0	850.0	1402.0	7951.0	True	1.0	1.0
current_returned_universe	author_released_code_top_vs_total	logfc_specificity	logFC specificity	LIANA 1.7.3 current Python	1000	10353	0	10353	10353	1.0007201334141904	1.0	observed		150.0	850.0	1402.0	7951.0	True	1.0	1.0
current_returned_universe	paper_text_top_vs_remainder	logfc_specificity	logFC specificity	LIANA 1.7.3 current Python	2500	10353	0	10353	10353	1.4866734874524365	1.399035242659755e-10	observed		477.0	2023.0	1075.0	6778.0	True	3.357684582383412e-10	5.59614097063902e-10
current_returned_universe	author_released_code_top_vs_total	logfc_specificity	logFC specificity	LIANA 1.7.3 current Python	2500	10353	0	10353	10353	1.3370966488475318	8.37922350549368e-07	observed		477.0	2023.0	1075.0	6778.0	True	3.3516894021974725e-06	3.351689402197472e-06
current_returned_universe	paper_text_top_vs_remainder	logfc_specificity	logFC specificity	LIANA 1.7.3 current Python	5000	10353	0	10353	10353	1.5827098608409398	1.181617767948785e-16	observed		900.0	4100.0	652.0	4701.0	True	1.9693629465813083e-16	2.067831093910374e-16
current_returned_universe	author_released_code_top_vs_total	logfc_specificity	logFC specificity	LIANA 1.7.3 current Python	5000	10353	0	10353	10353	1.2447982147347247	2.277570444466787e-06	observed		900.0	4100.0	652.0	4701.0	True	4.555140888933574e-06	3.985748277816877e-06
current_returned_universe	paper_text_top_vs_remainder	logfc_specificity	logFC specificity	LIANA 1.7.3 current Python	10000	10353	0	10353	10353	5.172773837667455	9.96174055873016e-13	observed		1540.0	8460.0	12.0	341.0	True	1.494261083809524e-12	1.6602900931216934e-12
current_returned_universe	author_released_code_top_vs_total	logfc_specificity	logFC specificity	LIANA 1.7.3 current Python	10000	10353	0	10353	10353	1.0322637152396967	0.42327663074968885	observed		1540.0	8460.0	12.0	341.0	True	0.6349149461245333	0.6643861625870482
current_returned_universe	paper_text_top_vs_remainder	natmi_specificity	NATMI specificity	LIANA 1.7.3 current Python	100	10353	0	10353	10353	0.6276841043378009	0.2037486503914952	observed		10.0	90.0	1542.0	8711.0	True	0.34928340067113467	0.4819349607215133
current_returned_universe	author_released_code_top_vs_total	natmi_specificity	NATMI specificity	LIANA 1.7.3 current Python	100	10353	0	10353	10353	0.6300830469644902	0.20350256083468649	observed		10.0	90.0	1542.0	8711.0	True	0.34886153285946253	0.4818856425362137
current_returned_universe	paper_text_top_vs_remainder	natmi_specificity	NATMI specificity	LIANA 1.7.3 current Python	250	10353	0	10353	10353	0.5681695732720992	0.008994119137223058	observed		23.0	227.0	1529.0	8574.0	True	0.017988238274446115	0.023984317699261487
current_returned_universe	author_released_code_top_vs_total	natmi_specificity	NATMI specificity	LIANA 1.7.3 current Python	250	10353	0	10353	10353	0.5745691221218039	0.008953000431953493	observed		23.0	227.0	1529.0	8574.0	True	0.017906000863906986	0.02387466781854265
current_returned_universe	paper_text_top_vs_remainder	natmi_specificity	NATMI specificity	LIANA 1.7.3 current Python	500	10353	0	10353	10353	0.6898891415790382	0.010070452733528867	observed		55.0	445.0	1497.0	8356.0	True	0.017263633257478057	0.020140905467057733
current_returned_universe	author_released_code_top_vs_total	natmi_specificity	NATMI specificity	LIANA 1.7.3 current Python	500	10353	0	10353	10353	0.7008788949380285	0.01412255462465907	observed		55.0	445.0	1497.0	8356.0	True	0.028083003746359043	0.03276350437075221
current_returned_universe	paper_text_top_vs_remainder	natmi_specificity	NATMI specificity	LIANA 1.7.3 current Python	1000	10353	0	10353	10353	0.8013983522743685	0.025283613702581493	observed		126.0	874.0	1426.0	7927.0	True	0.033711484936775324	0.033711484936775324
current_returned_universe	author_released_code_top_vs_total	natmi_specificity	NATMI specificity	LIANA 1.7.3 current Python	1000	10353	0	10353	10353	0.8175219396541555	0.04470451947679373	observed		126.0	874.0	1426.0	7927.0	True	0.05960602596905831	0.059606025969058306
current_returned_universe	paper_text_top_vs_remainder	natmi_specificity	NATMI specificity	LIANA 1.7.3 current Python	2500	10353	0	10353	10353	0.940052060465408	0.35105241956841887	observed		360.0	2140.0	1192.0	6661.0	True	0.35105241956841887	0.35105241956841887
current_returned_universe	author_released_code_top_vs_total	natmi_specificity	NATMI specificity	LIANA 1.7.3 current Python	2500	10353	0	10353	10353	0.9539575103574526	0.47147569476357337	observed		360.0	2140.0	1192.0	6661.0	True	0.47147569476357337	0.47147569476357337
current_returned_universe	paper_text_top_vs_remainder	natmi_specificity	NATMI specificity	LIANA 1.7.3 current Python	5000	10353	0	10353	10353	1.1618684351698974	0.006928660632607888	observed		799.0	4201.0	753.0	4600.0	True	0.007698511814008764	0.008083437404709203
current_returned_universe	author_released_code_top_vs_total	natmi_specificity	NATMI specificity	LIANA 1.7.3 current Python	5000	10353	0	10353	10353	1.0785353941256008	0.11451173626374478	observed		799.0	4201.0	753.0	4600.0	True	0.12723526251527198	0.13359702564103557
current_returned_universe	paper_text_top_vs_remainder	natmi_specificity	NATMI specificity	LIANA 1.7.3 current Python	10000	10353	0	10353	10353	2.857997514745655	1.2203508738608973e-07	observed		1531.0	8469.0	21.0	332.0	True	1.4644210486330767e-07	1.5254385923261217e-07
current_returned_universe	author_released_code_top_vs_total	natmi_specificity	NATMI specificity	LIANA 1.7.3 current Python	10000	10353	0	10353	10353	1.0251404302897287	0.5315089300696385	observed		1531.0	8469.0	21.0	332.0	True	0.6378107160835662	0.6643861625870482
current_returned_universe	paper_text_top_vs_remainder	singlecellsignalr_lrscore	SingleCellSignalR LRscore	LIANA 1.7.3 current Python	100	10236	0	10236	10236	0.7693911592994161	0.4819349607215133	observed		12.0	88.0	1526.0	8610.0	True	0.4819349607215133	0.4819349607215133
current_returned_universe	author_released_code_top_vs_total	singlecellsignalr_lrscore	SingleCellSignalR LRscore	LIANA 1.7.3 current Python	100	10236	0	10236	10236	0.771190448043504	0.4818856425362137	observed		12.0	88.0	1526.0	8610.0	True	0.4818856425362137	0.4818856425362137
current_returned_universe	paper_text_top_vs_remainder	singlecellsignalr_lrscore	SingleCellSignalR LRscore	LIANA 1.7.3 current Python	250	10236	0	10236	10236	1.2837223361194343	0.1283592583522587	observed		46.0	204.0	1492.0	8494.0	True	0.15403111002271044	0.14669629525972422
current_returned_universe	author_released_code_top_vs_total	singlecellsignalr_lrscore	SingleCellSignalR LRscore	LIANA 1.7.3 current Python	250	10236	0	10236	10236	1.2752364925163824	0.15206824686505646	observed		46.0	204.0	1492.0	8494.0	True	0.18248189623806774	0.1737922821314931
current_returned_universe	paper_text_top_vs_remainder	singlecellsignalr_lrscore	SingleCellSignalR LRscore	LIANA 1.7.3 current Python	500	10236	0	10236	10236	1.2028024423333328	0.1396188277215878	observed		87.0	413.0	1451.0	8285.0	True	0.16754259326590534	0.18615843696211706
current_returned_universe	author_released_code_top_vs_total	singlecellsignalr_lrscore	SingleCellSignalR LRscore	LIANA 1.7.3 current Python	500	10236	0	10236	10236	1.1913305226434758	0.15944993937328145	observed		87.0	413.0	1451.0	8285.0	True	0.19133992724793775	0.21259991916437526
current_returned_universe	paper_text_top_vs_remainder	singlecellsignalr_lrscore	SingleCellSignalR LRscore	LIANA 1.7.3 current Python	1000	10236	0	10236	10236	1.593881774932832	5.790283144442509e-08	observed		211.0	789.0	1327.0	7909.0	True	1.1580566288885019e-07	1.544075505184669e-07
current_returned_universe	author_released_code_top_vs_total	singlecellsignalr_lrscore	SingleCellSignalR LRscore	LIANA 1.7.3 current Python	1000	10236	0	10236	10236	1.512406446902385	1.1773833441993048e-06	observed		211.0	789.0	1327.0	7909.0	True	4.709533376797219e-06	4.709533376797219e-06
current_returned_universe	paper_text_top_vs_remainder	singlecellsignalr_lrscore	SingleCellSignalR LRscore	LIANA 1.7.3 current Python	2500	10236	0	10236	10236	1.2667872564149283	0.000164000461218095	observed		435.0	2065.0	1103.0	6633.0	True	0.00021866728162412663	0.00021866728162412666
current_returned_universe	author_released_code_top_vs_total	singlecellsignalr_lrscore	SingleCellSignalR LRscore	LIANA 1.7.3 current Python	2500	10236	0	10236	10236	1.1913305226434758	0.003742246859306901	observed		435.0	2065.0	1103.0	6633.0	True	0.005613370288960352	0.005987594974891042
current_returned_universe	paper_text_top_vs_remainder	singlecellsignalr_lrscore	SingleCellSignalR LRscore	LIANA 1.7.3 current Python	5000	10236	0	10236	10236	1.2887361977916467	4.918170581634637e-06	observed		834.0	4166.0	704.0	4532.0	True	6.147713227043296e-06	6.885438814288492e-06
current_returned_universe	author_released_code_top_vs_total	singlecellsignalr_lrscore	SingleCellSignalR LRscore	LIANA 1.7.3 current Python	5000	10236	0	10236	10236	1.1321653337095703	0.008847356986733845	observed		834.0	4166.0	704.0	4532.0	True	0.011059196233417307	0.012386299781427381
current_returned_universe	paper_text_top_vs_remainder	singlecellsignalr_lrscore	SingleCellSignalR LRscore	LIANA 1.7.3 current Python	10000	10236	0	10236	10236	0.8907036577898829	0.518604705758344	observed		1499.0	8501.0	39.0	197.0	True	0.518604705758344	0.518604705758344
current_returned_universe	author_released_code_top_vs_total	singlecellsignalr_lrscore	SingleCellSignalR LRscore	LIANA 1.7.3 current Python	10000	10236	0	10236	10236	0.9972285062768566	0.952912794738082	observed		1499.0	8501.0	39.0	197.0	True	0.952912794738082	0.952912794738082
paper_union_max_imputed	paper_text_top_vs_remainder	crychic_availability_state	CRYCHIC availability-state	CRYCHIC 0.0.1.dev56+g87153a38e.d20260716	100	168750	0	168750	81152	2.0970743243535366	0.0034591672014113676	observed		23.0	77.0	21027.0	147623.0	True	0.01383666880564547	0.02767333761129094
paper_union_max_imputed	author_released_code_top_vs_total	crychic_availability_state	CRYCHIC availability-state	CRYCHIC 0.0.1.dev56+g87153a38e.d20260716	100	168750	0	168750	81152	2.0958756208162383	0.0034700902716104194	observed		23.0	77.0	21027.0	147623.0	True	0.013880361086441676	0.027760722172883355
paper_union_max_imputed	paper_text_top_vs_remainder	crychic_availability_state	CRYCHIC availability-state	CRYCHIC 0.0.1.dev56+g87153a38e.d20260716	250	168750	0	168750	81152	1.981613448867557	3.0229704892731673e-05	observed		55.0	195.0	20995.0	147505.0	True	0.0001209188195709267	0.00024183763914185338
paper_union_max_imputed	author_released_code_top_vs_total	crychic_availability_state	CRYCHIC availability-state	CRYCHIC 0.0.1.dev56+g87153a38e.d20260716	250	168750	0	168750	81152	1.9790486631341737	3.053461621487973e-05	observed		55.0	195.0	20995.0	147505.0	True	0.00012213846485951892	0.00024427692971903784
paper_union_max_imputed	paper_text_top_vs_remainder	crychic_availability_state	CRYCHIC availability-state	CRYCHIC 0.0.1.dev56+g87153a38e.d20260716	500	168750	0	168750	81152	1.9150306071283512	2.0629676246936008e-08	observed		107.0	393.0	20943.0	147307.0	True	4.9511222992646425e-08	5.5012469991829356e-08
paper_union_max_imputed	author_released_code_top_vs_total	crychic_availability_state	CRYCHIC availability-state	CRYCHIC 0.0.1.dev56+g87153a38e.d20260716	500	168750	0	168750	81152	1.9103793826645634	2.9639849976578644e-08	observed		107.0	393.0	20943.0	147307.0	True	7.113563994378875e-08	7.903959993754305e-08
paper_union_max_imputed	paper_text_top_vs_remainder	crychic_availability_state	CRYCHIC availability-state	CRYCHIC 0.0.1.dev56+g87153a38e.d20260716	1000	168750	0	168750	81152	1.8172781732795673	7.967409762511354e-13	observed		205.0	795.0	20845.0	146905.0	True	1.3658416735733749e-12	1.5934819525022707e-12
paper_union_max_imputed	author_released_code_top_vs_total	crychic_availability_state	CRYCHIC availability-state	CRYCHIC 0.0.1.dev56+g87153a38e.d20260716	1000	168750	0	168750	81152	1.8093189321621177	1.2242693167974422e-12	observed		205.0	795.0	20845.0	146905.0	True	2.0987474002241868e-12	2.4485386335948844e-12
paper_union_max_imputed	paper_text_top_vs_remainder	crychic_availability_state	CRYCHIC availability-state	CRYCHIC 0.0.1.dev56+g87153a38e.d20260716	2500	168750	0	168750	81152	1.556330815454398	8.234322537514131e-16	observed		451.0	2049.0	20599.0	145651.0	True	1.2351483806271196e-15	1.317491606002261e-15
paper_union_max_imputed	author_released_code_top_vs_total	crychic_availability_state	CRYCHIC availability-state	CRYCHIC 0.0.1.dev56+g87153a38e.d20260716	2500	168750	0	168750	81152	1.5444113286244725	2.6547120503142172e-15	observed		451.0	2049.0	20599.0	145651.0	True	3.9820680754713254e-15	4.247539280502748e-15
paper_union_max_imputed	paper_text_top_vs_remainder	crychic_availability_state	CRYCHIC availability-state	CRYCHIC 0.0.1.dev56+g87153a38e.d20260716	5000	168750	0	168750	81152	1.4384118967452302	1.0547886408187542e-19	observed		842.0	4158.0	20208.0	143542.0	True	1.5068409154553632e-19	1.4767040971462557e-19
paper_union_max_imputed	author_released_code_top_vs_total	crychic_availability_state	CRYCHIC availability-state	CRYCHIC 0.0.1.dev56+g87153a38e.d20260716	5000	168750	0	168750	81152	1.4208754208754208	1.3719574224305342e-18	observed		842.0	4158.0	20208.0	143542.0	True	1.959939174900763e-18	1.920740391402748e-18
paper_union_max_imputed	paper_text_top_vs_remainder	crychic_availability_state	CRYCHIC availability-state	CRYCHIC 0.0.1.dev56+g87153a38e.d20260716	10000	168750	0	168750	81152	1.3565260605625924	1.918896118835907e-25	observed		1593.0	8407.0	19457.0	139293.0	True	5.756688356507721e-25	9.594480594179535e-25
paper_union_max_imputed	author_released_code_top_vs_total	crychic_availability_state	CRYCHIC availability-state	CRYCHIC 0.0.1.dev56+g87153a38e.d20260716	10000	168750	0	168750	81152	1.3295452522739364	1.4050903290940909e-22	observed		1593.0	8407.0	19457.0	139293.0	True	4.2152709872822726e-22	7.025451645470454e-22
paper_union_max_imputed	paper_text_top_vs_remainder	crychic_availability_ecosystem	CRYCHIC availability-ecosystem	CRYCHIC 0.0.1.dev56+g87153a38e.d20260716	100	168750	0	168750	81152	1.4374938063479135	0.17249060237463829	observed		17.0	83.0	21033.0	147617.0	False	0.5174718071239148	
paper_union_max_imputed	author_released_code_top_vs_total	crychic_availability_ecosystem	CRYCHIC availability-ecosystem	CRYCHIC 0.0.1.dev56+g87153a38e.d20260716	100	168750	0	168750	81152	1.4371404859342358	0.17256582939827503	observed		17.0	83.0	21033.0	147617.0	False	0.5176974881948251	
paper_union_max_imputed	paper_text_top_vs_remainder	crychic_availability_ecosystem	CRYCHIC availability-ecosystem	CRYCHIC 0.0.1.dev56+g87153a38e.d20260716	250	168750	0	168750	81152	1.88996276722152	0.00010836579034905519	observed		53.0	197.0	20997.0	147503.0	False	0.00032509737104716553	
paper_union_max_imputed	author_released_code_top_vs_total	crychic_availability_ecosystem	CRYCHIC availability-ecosystem	CRYCHIC 0.0.1.dev56+g87153a38e.d20260716	250	168750	0	168750	81152	1.8877220058598696	0.00010961086322874649	observed		53.0	197.0	20997.0	147503.0	False	0.00032883258968623944	
paper_union_max_imputed	paper_text_top_vs_remainder	crychic_availability_ecosystem	CRYCHIC availability-ecosystem	CRYCHIC 0.0.1.dev56+g87153a38e.d20260716	500	168750	0	168750	81152	1.8244689518070014	2.969945024327799e-07	observed		103.0	397.0	20947.0	147303.0	False	5.939890048655598e-07	
paper_union_max_imputed	author_released_code_top_vs_total	crychic_availability_ecosystem	CRYCHIC availability-ecosystem	CRYCHIC 0.0.1.dev56+g87153a38e.d20260716	500	168750	0	168750	81152	1.8204347331829578	3.103430519084193e-07	observed		103.0	397.0	20947.0	147303.0	False	6.206861038168386e-07	
paper_union_max_imputed	paper_text_top_vs_remainder	crychic_availability_ecosystem	CRYCHIC availability-ecosystem	CRYCHIC 0.0.1.dev56+g87153a38e.d20260716	1000	168750	0	168750	81152	1.862514453088343	6.227662089721931e-14	observed		209.0	791.0	20841.0	146909.0	False	1.2455324179443862e-13	
paper_union_max_imputed	author_released_code_top_vs_total	crychic_availability_ecosystem	CRYCHIC availability-ecosystem	CRYCHIC 0.0.1.dev56+g87153a38e.d20260716	1000	168750	0	168750	81152	1.853950770394972	9.772291006794948e-14	observed		209.0	791.0	20841.0	146909.0	False	1.9544582013589896e-13	
paper_union_max_imputed	paper_text_top_vs_remainder	crychic_availability_ecosystem	CRYCHIC availability-ecosystem	CRYCHIC 0.0.1.dev56+g87153a38e.d20260716	2500	168750	0	168750	81152	1.8410105251278919	1.2960434352493462e-30	observed		515.0	1985.0	20535.0	145715.0	False	7.776260611496077e-30	
paper_union_max_imputed	author_released_code_top_vs_total	crychic_availability_ecosystem	CRYCHIC availability-ecosystem	CRYCHIC 0.0.1.dev56+g87153a38e.d20260716	2500	168750	0	168750	81152	1.8204347331829578	1.349131833550458e-29	observed		515.0	1985.0	20535.0	145715.0	False	8.094791001302748e-29	
paper_union_max_imputed	paper_text_top_vs_remainder	crychic_availability_ecosystem	CRYCHIC availability-ecosystem	CRYCHIC 0.0.1.dev56+g87153a38e.d20260716	5000	168750	0	168750	81152	1.608787976193955	4.061016674565299e-34	observed		920.0	4080.0	20130.0	143620.0	False	1.0152541686413246e-33	
paper_union_max_imputed	author_released_code_top_vs_total	crychic_availability_ecosystem	CRYCHIC availability-ecosystem	CRYCHIC 0.0.1.dev56+g87153a38e.d20260716	5000	168750	0	168750	81152	1.582180615714219	5.311229941020867e-32	observed		920.0	4080.0	20130.0	143620.0	False	1.3278074852552167e-31	
paper_union_max_imputed	paper_text_top_vs_remainder	crychic_availability_ecosystem	CRYCHIC availability-ecosystem	CRYCHIC 0.0.1.dev56+g87153a38e.d20260716	10000	168750	0	168750	81152	1.4339015164064903	1.1574981940891002e-35	observed		1663.0	8337.0	19387.0	139363.0	False	6.944989164534602e-35	
paper_union_max_imputed	author_released_code_top_vs_total	crychic_availability_ecosystem	CRYCHIC availability-ecosystem	CRYCHIC 0.0.1.dev56+g87153a38e.d20260716	10000	168750	0	168750	81152	1.3996222659654456	1.4351288285752482e-31	observed		1663.0	8337.0	19387.0	139363.0	False	8.610772971451489e-31	
paper_union_max_imputed	paper_text_top_vs_remainder	cellchat_composite	CellChat composite	LIANA 1.7.3 current Python	100	2959	165791	168750	2959	1.142336282872772	0.6487460616243099	observed		14.0	86.0	21036.0	147614.0	True	0.9731190924364649	1.0
paper_union_max_imputed	author_released_code_top_vs_total	cellchat_composite	CellChat composite	LIANA 1.7.3 current Python	100	2959	165791	168750	2959	1.1422416174114787	0.6487597376369901	observed		14.0	86.0	21036.0	147614.0	True	0.9731396064554851	1.0
paper_union_max_imputed	paper_text_top_vs_remainder	cellchat_composite	CellChat composite	LIANA 1.7.3 current Python	250	2959	165791	168750	2959	1.8001697137528205	0.0003622456921795688	observed		51.0	199.0	20999.0	147501.0	True	0.0008693896612309651	0.0014489827687182752
paper_union_max_imputed	author_released_code_top_vs_total	cellchat_composite	CellChat composite	LIANA 1.7.3 current Python	250	2959	165791	168750	2959	1.7982310602895715	0.0003664988076883218	observed		51.0	199.0	20999.0	147501.0	True	0.0008795971384519723	0.0014659952307532872
paper_union_max_imputed	paper_text_top_vs_remainder	cellchat_composite	CellChat composite	LIANA 1.7.3 current Python	500	2959	165791	168750	2959	2.101895477343292	6.847393794723813e-11	observed		115.0	385.0	20935.0	147315.0	True	2.0542181384171436e-10	2.738957517889525e-10
paper_union_max_imputed	author_released_code_top_vs_total	cellchat_composite	CellChat composite	LIANA 1.7.3 current Python	500	2959	165791	168750	2959	2.0958756208162383	1.0728005636655356e-10	observed		115.0	385.0	20935.0	147315.0	True	3.2184016909966067e-10	4.2912022546621423e-10
paper_union_max_imputed	paper_text_top_vs_remainder	cellchat_composite	CellChat composite	LIANA 1.7.3 current Python	1000	2959	165791	168750	2959	2.342296293114557	8.112343066329304e-27	observed		249.0	751.0	20801.0	146949.0	True	4.8674058397975823e-26	6.489874453063443e-26
paper_union_max_imputed	author_released_code_top_vs_total	cellchat_composite	CellChat composite	LIANA 1.7.3 current Python	1000	2959	165791	168750	2959	2.326418298958475	1.9278802992179912e-26	observed		249.0	751.0	20801.0	146949.0	True	1.1567281795307946e-25	1.542304239374393e-25
paper_union_max_imputed	paper_text_top_vs_remainder	cellchat_composite	CellChat composite	LIANA 1.7.3 current Python	2500	2959	165791	168750	2959	1.745416503942153	3.1244239045530895e-25	observed		494.0	2006.0	20556.0	145694.0	True	1.2497695618212358e-24	2.4995391236424716e-24
paper_union_max_imputed	author_released_code_top_vs_total	cellchat_composite	CellChat composite	LIANA 1.7.3 current Python	2500	2959	165791	168750	2959	1.727923119004033	1.7591149903522248e-24	observed		494.0	2006.0	20556.0	145694.0	True	7.036459961408899e-24	1.4072919922817798e-23
paper_union_max_imputed	paper_text_top_vs_remainder	cellchat_composite	CellChat composite	LIANA 1.7.3 current Python	5000	2959	165791	168750	2959			not_estimable	cutoff_exceeds_returned_rank_range					True		
paper_union_max_imputed	author_released_code_top_vs_total	cellchat_composite	CellChat composite	LIANA 1.7.3 current Python	5000	2959	165791	168750	2959			not_estimable	cutoff_exceeds_returned_rank_range					True		
paper_union_max_imputed	paper_text_top_vs_remainder	cellchat_composite	CellChat composite	LIANA 1.7.3 current Python	10000	2959	165791	168750	2959			not_estimable	cutoff_exceeds_returned_rank_range					True		
paper_union_max_imputed	author_released_code_top_vs_total	cellchat_composite	CellChat composite	LIANA 1.7.3 current Python	10000	2959	165791	168750	2959			not_estimable	cutoff_exceeds_returned_rank_range					True		
paper_union_max_imputed	paper_text_top_vs_remainder	cellchat_pvalue	CellChat p-value	LIANA 1.7.3 current Python	100	10353	158397	168750	3089	1.6274630901097957	5.637156586181464e-22	observed		544.0	2369.0	20506.0	145331.0	False	3.3822939517088788e-21	
paper_union_max_imputed	author_released_code_top_vs_total	cellchat_pvalue	CellChat p-value	LIANA 1.7.3 current Python	100	10353	158397	168750	3089	1.6112474169022077	3.234681340630608e-21	observed		544.0	2369.0	20506.0	145331.0	False	1.940808804378365e-20	
paper_union_max_imputed	paper_text_top_vs_remainder	cellchat_pvalue	CellChat p-value	LIANA 1.7.3 current Python	250	10353	158397	168750	3089	1.6274630901097957	5.637156586181464e-22	observed		544.0	2369.0	20506.0	145331.0	False	3.3822939517088788e-21	
paper_union_max_imputed	author_released_code_top_vs_total	cellchat_pvalue	CellChat p-value	LIANA 1.7.3 current Python	250	10353	158397	168750	3089	1.6112474169022077	3.234681340630608e-21	observed		544.0	2369.0	20506.0	145331.0	False	1.940808804378365e-20	
paper_union_max_imputed	paper_text_top_vs_remainder	cellchat_pvalue	CellChat p-value	LIANA 1.7.3 current Python	500	10353	158397	168750	3089	1.6274630901097957	5.637156586181464e-22	observed		544.0	2369.0	20506.0	145331.0	False	3.3822939517088788e-21	
paper_union_max_imputed	author_released_code_top_vs_total	cellchat_pvalue	CellChat p-value	LIANA 1.7.3 current Python	500	10353	158397	168750	3089	1.6112474169022077	3.234681340630608e-21	observed		544.0	2369.0	20506.0	145331.0	False	1.940808804378365e-20	
paper_union_max_imputed	paper_text_top_vs_remainder	cellchat_pvalue	CellChat p-value	LIANA 1.7.3 current Python	1000	10353	158397	168750	3089	1.6274630901097957	5.637156586181464e-22	observed		544.0	2369.0	20506.0	145331.0	False	2.2548626344725857e-21	
paper_union_max_imputed	author_released_code_top_vs_total	cellchat_pvalue	CellChat p-value	LIANA 1.7.3 current Python	1000	10353	158397	168750	3089	1.6112474169022077	3.234681340630608e-21	observed		544.0	2369.0	20506.0	145331.0	False	1.2938725362522432e-20	
paper_union_max_imputed	paper_text_top_vs_remainder	cellchat_pvalue	CellChat p-value	LIANA 1.7.3 current Python	2500	10353	158397	168750	3089	1.6274630901097957	5.637156586181464e-22	observed		544.0	2369.0	20506.0	145331.0	False	1.6911469758544394e-21	
paper_union_max_imputed	author_released_code_top_vs_total	cellchat_pvalue	CellChat p-value	LIANA 1.7.3 current Python	2500	10353	158397	168750	3089	1.6112474169022077	3.234681340630608e-21	observed		544.0	2369.0	20506.0	145331.0	False	9.704044021891824e-21	
paper_union_max_imputed	paper_text_top_vs_remainder	cellchat_pvalue	CellChat p-value	LIANA 1.7.3 current Python	5000	10353	158397	168750	3089			not_estimable	cutoff_exceeds_returned_rank_range					False		
paper_union_max_imputed	author_released_code_top_vs_total	cellchat_pvalue	CellChat p-value	LIANA 1.7.3 current Python	5000	10353	158397	168750	3089			not_estimable	cutoff_exceeds_returned_rank_range					False		
paper_union_max_imputed	paper_text_top_vs_remainder	cellchat_pvalue	CellChat p-value	LIANA 1.7.3 current Python	10000	10353	158397	168750	3089			not_estimable	cutoff_exceeds_returned_rank_range					False		
paper_union_max_imputed	author_released_code_top_vs_total	cellchat_pvalue	CellChat p-value	LIANA 1.7.3 current Python	10000	10353	158397	168750	3089			not_estimable	cutoff_exceeds_returned_rank_range					False		
paper_union_max_imputed	paper_text_top_vs_remainder	cellphonedb_composite	CellPhoneDB composite	LIANA 1.7.3 current Python	100	7302	161448	168750	7302	0.7795204900718209	0.5456403876037276	observed		10.0	90.0	21040.0	147610.0	True	0.9353835216063902	1.0
paper_union_max_imputed	author_released_code_top_vs_total	cellphonedb_composite	CellPhoneDB composite	LIANA 1.7.3 current Python	100	7302	161448	168750	7302	0.7796252309316443	0.5456395563696195	observed		10.0	90.0	21040.0	147610.0	True	0.9353820966336334	1.0
paper_union_max_imputed	paper_text_top_vs_remainder	cellphonedb_composite	CellPhoneDB composite	LIANA 1.7.3 current Python	250	7302	161448	168750	7302	1.0671499415987364	0.7017904538616804	observed		33.0	217.0	21017.0	147483.0	True	0.765589586030924	0.7017904538616804
paper_union_max_imputed	author_released_code_top_vs_total	cellphonedb_composite	CellPhoneDB composite	LIANA 1.7.3 current Python	250	7302	161448	168750	7302	1.067044670906444	0.7018105087430675	observed		33.0	217.0	21017.0	147483.0	True	0.7656114640833465	0.7018105087430675
paper_union_max_imputed	paper_text_top_vs_remainder	cellphonedb_composite	CellPhoneDB composite	LIANA 1.7.3 current Python	500	7302	161448	168750	7302	1.584736232502353	0.00013789057934788417	observed		92.0	408.0	20958.0	147292.0	True	0.00023638385031065858	0.00027578115869576834
paper_union_max_imputed	author_released_code_top_vs_total	cellphonedb_composite	CellPhoneDB composite	LIANA 1.7.3 current Python	500	7302	161448	168750	7302	1.582180615714219	0.00014042369293317306	observed		92.0	408.0	20958.0	147292.0	True	0.00024072633074258238	0.0002808473858663461
paper_union_max_imputed	paper_text_top_vs_remainder	cellphonedb_composite	CellPhoneDB composite	LIANA 1.7.3 current Python	1000	7302	161448	168750	7302	1.3390777086325196	0.0010769519468187493	observed		160.0	840.0	20890.0	146860.0	True	0.001292342336182499	0.0014359359290916657
paper_union_max_imputed	author_released_code_top_vs_total	cellphonedb_composite	CellPhoneDB composite	LIANA 1.7.3 current Python	1000	7302	161448	168750	7302	1.3365003958828188	0.0010932336706225183	observed		160.0	840.0	20890.0	146860.0	True	0.001311880404747022	0.0014576448941633578
paper_union_max_imputed	paper_text_top_vs_remainder	cellphonedb_composite	CellPhoneDB composite	LIANA 1.7.3 current Python	2500	7302	161448	168750	7302	1.5434614970480165	3.605651016521064e-15	observed		448.0	2052.0	20602.0	145648.0	True	4.807534688694752e-15	4.807534688694752e-15
paper_union_max_imputed	author_released_code_top_vs_total	cellphonedb_composite	CellPhoneDB composite	LIANA 1.7.3 current Python	2500	7302	161448	168750	7302	1.531895190602529	9.06258570816273e-15	observed		448.0	2052.0	20602.0	145648.0	True	1.2083447610883641e-14	1.208344761088364e-14
paper_union_max_imputed	paper_text_top_vs_remainder	cellphonedb_composite	CellPhoneDB composite	LIANA 1.7.3 current Python	5000	7302	161448	168750	7302	1.5511382864895897	7.516603793605665e-29	observed		894.0	4106.0	20156.0	143594.0	True	1.2527672989342774e-28	1.3154056638809914e-28
paper_union_max_imputed	author_released_code_top_vs_total	cellphonedb_composite	CellPhoneDB composite	LIANA 1.7.3 current Python	5000	7302	161448	168750	7302	1.5277312732771577	3.623052613015619e-27	observed		894.0	4106.0	20156.0	143594.0	True	6.0384210216926984e-27	6.340342072777333e-27
paper_union_max_imputed	paper_text_top_vs_remainder	cellphonedb_composite	CellPhoneDB composite	LIANA 1.7.3 current Python	10000	7302	161448	168750	7302			not_estimable	cutoff_exceeds_returned_rank_range					True		
paper_union_max_imputed	author_released_code_top_vs_total	cellphonedb_composite	CellPhoneDB composite	LIANA 1.7.3 current Python	10000	7302	161448	168750	7302			not_estimable	cutoff_exceeds_returned_rank_range					True		
paper_union_max_imputed	paper_text_top_vs_remainder	cellphonedb_pvalue	CellPhoneDB p-value	LIANA 1.7.3 current Python	100	10353	158397	168750	9195	1.5367767971119926	7.863652652106712e-36	observed		1181.0	5500.0	19869.0	142200.0	False	9.436383182528055e-35	
paper_union_max_imputed	author_released_code_top_vs_total	cellphonedb_pvalue	CellPhoneDB p-value	LIANA 1.7.3 current Python	100	10353	158397	168750	9195	1.5066611962858993	5.471715487250461e-33	observed		1181.0	5500.0	19869.0	142200.0	False	6.566058584700553e-32	
paper_union_max_imputed	paper_text_top_vs_remainder	cellphonedb_pvalue	CellPhoneDB p-value	LIANA 1.7.3 current Python	250	10353	158397	168750	9195	1.5367767971119926	7.863652652106712e-36	observed		1181.0	5500.0	19869.0	142200.0	False	9.436383182528055e-35	
paper_union_max_imputed	author_released_code_top_vs_total	cellphonedb_pvalue	CellPhoneDB p-value	LIANA 1.7.3 current Python	250	10353	158397	168750	9195	1.5066611962858993	5.471715487250461e-33	observed		1181.0	5500.0	19869.0	142200.0	False	6.566058584700553e-32	
paper_union_max_imputed	paper_text_top_vs_remainder	cellphonedb_pvalue	CellPhoneDB p-value	LIANA 1.7.3 current Python	500	10353	158397	168750	9195	1.5367767971119926	7.863652652106712e-36	observed		1181.0	5500.0	19869.0	142200.0	False	9.436383182528055e-35	
paper_union_max_imputed	author_released_code_top_vs_total	cellphonedb_pvalue	CellPhoneDB p-value	LIANA 1.7.3 current Python	500	10353	158397	168750	9195	1.5066611962858993	5.471715487250461e-33	observed		1181.0	5500.0	19869.0	142200.0	False	6.566058584700553e-32	
paper_union_max_imputed	paper_text_top_vs_remainder	cellphonedb_pvalue	CellPhoneDB p-value	LIANA 1.7.3 current Python	1000	10353	158397	168750	9195	1.5367767971119926	7.863652652106712e-36	observed		1181.0	5500.0	19869.0	142200.0	False	9.436383182528055e-35	
paper_union_max_imputed	author_released_code_top_vs_total	cellphonedb_pvalue	CellPhoneDB p-value	LIANA 1.7.3 current Python	1000	10353	158397	168750	9195	1.5066611962858993	5.471715487250461e-33	observed		1181.0	5500.0	19869.0	142200.0	False	6.566058584700553e-32	
paper_union_max_imputed	paper_text_top_vs_remainder	cellphonedb_pvalue	CellPhoneDB p-value	LIANA 1.7.3 current Python	2500	10353	158397	168750	9195	1.5367767971119926	7.863652652106712e-36	observed		1181.0	5500.0	19869.0	142200.0	False	9.436383182528055e-35	
paper_union_max_imputed	author_released_code_top_vs_total	cellphonedb_pvalue	CellPhoneDB p-value	LIANA 1.7.3 current Python	2500	10353	158397	168750	9195	1.5066611962858993	5.471715487250461e-33	observed		1181.0	5500.0	19869.0	142200.0	False	6.566058584700553e-32	
paper_union_max_imputed	paper_text_top_vs_remainder	cellphonedb_pvalue	CellPhoneDB p-value	LIANA 1.7.3 current Python	5000	10353	158397	168750	9195	1.5367767971119926	7.863652652106712e-36	observed		1181.0	5500.0	19869.0	142200.0	False	3.931826326053356e-35	
paper_union_max_imputed	author_released_code_top_vs_total	cellphonedb_pvalue	CellPhoneDB p-value	LIANA 1.7.3 current Python	5000	10353	158397	168750	9195	1.5066611962858993	5.471715487250461e-33	observed		1181.0	5500.0	19869.0	142200.0	False	2.7358577436252305e-32	
paper_union_max_imputed	paper_text_top_vs_remainder	cellphonedb_pvalue	CellPhoneDB p-value	LIANA 1.7.3 current Python	10000	10353	158397	168750	9195			not_estimable	cutoff_exceeds_returned_rank_range					False		
paper_union_max_imputed	author_released_code_top_vs_total	cellphonedb_pvalue	CellPhoneDB p-value	LIANA 1.7.3 current Python	10000	10353	158397	168750	9195			not_estimable	cutoff_exceeds_returned_rank_range					False		
paper_union_max_imputed	paper_text_top_vs_remainder	connectome_specificity	Connectome specificity	LIANA 1.7.3 current Python	100	10353	158397	168750	10353	0.8671541508520025	0.762903374356768	observed		11.0	89.0	21039.0	147611.0	True	1.0	1.0
paper_union_max_imputed	author_released_code_top_vs_total	connectome_specificity	Connectome specificity	LIANA 1.7.3 current Python	100	10353	158397	168750	10353	0.8672235714857616	0.762903740733035	observed		11.0	89.0	21039.0	147611.0	True	1.0	1.0
paper_union_max_imputed	paper_text_top_vs_remainder	connectome_specificity	Connectome specificity	LIANA 1.7.3 current Python	250	10353	158397	168750	10353	0.676705078274915	0.0842873122024811	observed		22.0	228.0	21028.0	147472.0	True	0.14449253520425334	0.1685746244049622
paper_union_max_imputed	author_released_code_top_vs_total	connectome_specificity	Connectome specificity	LIANA 1.7.3 current Python	250	10353	158397	168750	10353	0.6770429637037964	0.08427968253758787	observed		22.0	228.0	21028.0	147472.0	True	0.14447945577872207	0.16855936507517574
paper_union_max_imputed	paper_text_top_vs_remainder	connectome_specificity	Connectome specificity	LIANA 1.7.3 current Python	500	10353	158397	168750	10353	1.3578131190593774	0.01449434677306149	observed		81.0	419.0	20969.0	147281.0	True	0.017393216127673788	0.01932579569741532
paper_union_max_imputed	author_released_code_top_vs_total	connectome_specificity	Connectome specificity	LIANA 1.7.3 current Python	500	10353	158397	168750	10353	1.3564362609765361	0.014558988207177602	observed		81.0	419.0	20969.0	147281.0	True	0.01747078584861312	0.0194119842762368
paper_union_max_imputed	paper_text_top_vs_remainder	connectome_specificity	Connectome specificity	LIANA 1.7.3 current Python	1000	10353	158397	168750	10353	1.5873143851617135	6.819493064815465e-08	observed		184.0	816.0	20866.0	146884.0	True	1.0229239597223196e-07	1.0911188903704743e-07
paper_union_max_imputed	author_released_code_top_vs_total	connectome_specificity	Connectome specificity	LIANA 1.7.3 current Python	1000	10353	158397	168750	10353	1.582180615714219	9.043194982140266e-08	observed		184.0	816.0	20866.0	146884.0	True	1.3564792473210398e-07	1.4469111971424424e-07
paper_union_max_imputed	paper_text_top_vs_remainder	connectome_specificity	Connectome specificity	LIANA 1.7.3 current Python	2500	10353	158397	168750	10353	1.616936188954649	1.4289159424544062e-18	observed		465.0	2035.0	20585.0	145665.0	True	2.4495701870646966e-18	2.8578318849088125e-18
paper_union_max_imputed	author_released_code_top_vs_total	connectome_specificity	Connectome specificity	LIANA 1.7.3 current Python	2500	10353	158397	168750	10353	1.603307907345912	4.259808084384199e-18	observed		465.0	2035.0	20585.0	145665.0	True	7.302528144658627e-18	8.519616168768399e-18
paper_union_max_imputed	paper_text_top_vs_remainder	connectome_specificity	Connectome specificity	LIANA 1.7.3 current Python	5000	10353	158397	168750	10353	1.6469569257103713	9.774733730898882e-38	observed		937.0	4063.0	20113.0	143637.0	True	9.774733730898882e-37	6.842313611629217e-37
paper_union_max_imputed	author_released_code_top_vs_total	connectome_specificity	Connectome specificity	LIANA 1.7.3 current Python	5000	10353	158397	168750	10353	1.6181588905849265	2.4385069607447866e-35	observed		937.0	4063.0	20113.0	143637.0	True	2.4385069607447866e-34	1.7069548725213506e-34
paper_union_max_imputed	paper_text_top_vs_remainder	connectome_specificity	Connectome specificity	LIANA 1.7.3 current Python	10000	10353	158397	168750	10353	1.3023643004628356	3.075897168885205e-19	observed		1543.0	8457.0	19507.0	139243.0	True	6.15179433777041e-19	7.689742922213012e-19
paper_union_max_imputed	author_released_code_top_vs_total	connectome_specificity	Connectome specificity	LIANA 1.7.3 current Python	10000	10353	158397	168750	10353	1.2802004944954173	3.8357302478186296e-17	observed		1543.0	8457.0	19507.0	139243.0	True	7.671460495637258e-17	9.589325619546575e-17
paper_union_max_imputed	paper_text_top_vs_remainder	liana_magnitude_consensus	LIANA magnitude consensus	LIANA 1.7.3 current Python	100	10353	158397	168750	7500	0.6938212208398986	0.3635121740040763	observed		9.0	91.0	21041.0	147609.0	False	0.8724292176097832	
paper_union_max_imputed	author_released_code_top_vs_total	liana_magnitude_consensus	LIANA magnitude consensus	LIANA 1.7.3 current Python	100	10353	158397	168750	7500	0.6939521286314635	0.36350548291949286	observed		9.0	91.0	21041.0	147609.0	False	0.872413159006783	
paper_union_max_imputed	paper_text_top_vs_remainder	liana_magnitude_consensus	LIANA magnitude consensus	LIANA 1.7.3 current Python	250	10353	158397	168750	7500	1.030009227564665	0.8481572306856346	observed		32.0	218.0	21018.0	147482.0	False	0.8481572306856346	
paper_union_max_imputed	author_released_code_top_vs_total	liana_magnitude_consensus	LIANA magnitude consensus	LIANA 1.7.3 current Python	250	10353	158397	168750	7500	1.0299636078363006	0.8481619792354796	observed		32.0	218.0	21018.0	147482.0	False	0.8481619792354796	
paper_union_max_imputed	paper_text_top_vs_remainder	liana_magnitude_consensus	LIANA magnitude consensus	LIANA 1.7.3 current Python	500	10353	158397	168750	7500	1.5425549245950474	0.00039928572350005163	observed		90.0	410.0	20960.0	147290.0	False	0.0005989285852500774	
paper_union_max_imputed	author_released_code_top_vs_total	liana_magnitude_consensus	LIANA magnitude consensus	LIANA 1.7.3 current Python	500	10353	158397	168750	7500	1.5402352123283702	0.00040321074278761666	observed		90.0	410.0	20960.0	147290.0	False	0.0006048161141814249	
paper_union_max_imputed	paper_text_top_vs_remainder	liana_magnitude_consensus	LIANA magnitude consensus	LIANA 1.7.3 current Python	1000	10353	158397	168750	7500	1.3794235922783376	0.00030839367469325625	observed		164.0	836.0	20886.0	146864.0	False	0.000411191566257675	
paper_union_max_imputed	author_released_code_top_vs_total	liana_magnitude_consensus	LIANA magnitude consensus	LIANA 1.7.3 current Python	1000	10353	158397	168750	7500	1.3764675129845776	0.0003128155714990402	observed		164.0	836.0	20886.0	146864.0	False	0.0004170874286653869	
paper_union_max_imputed	paper_text_top_vs_remainder	liana_magnitude_consensus	LIANA magnitude consensus	LIANA 1.7.3 current Python	2500	10353	158397	168750	7500	1.400437236809069	2.110706753936888e-09	observed		414.0	2086.0	20636.0	145614.0	False	2.302589186112968e-09	
paper_union_max_imputed	author_released_code_top_vs_total	liana_magnitude_consensus	LIANA magnitude consensus	LIANA 1.7.3 current Python	2500	10353	158397	168750	7500	1.39256165409938	3.9762827177294355e-09	observed		414.0	2086.0	20636.0	145614.0	False	4.337762964795748e-09	
paper_union_max_imputed	paper_text_top_vs_remainder	liana_magnitude_consensus	LIANA magnitude consensus	LIANA 1.7.3 current Python	5000	10353	158397	168750	7500	1.4341434171963612	1.9551042900853818e-19	observed		840.0	4160.0	20210.0	143540.0	False	2.443880362606727e-19	
paper_union_max_imputed	author_released_code_top_vs_total	liana_magnitude_consensus	LIANA magnitude consensus	LIANA 1.7.3 current Python	5000	10353	158397	168750	7500	1.4168189292892381	2.946646239786571e-18	observed		840.0	4160.0	20210.0	143540.0	False	3.683307799733214e-18	
paper_union_max_imputed	paper_text_top_vs_remainder	liana_magnitude_consensus	LIANA magnitude consensus	LIANA 1.7.3 current Python	10000	10353	158397	168750	7500			not_estimable	cutoff_exceeds_returned_rank_range					False		
paper_union_max_imputed	author_released_code_top_vs_total	liana_magnitude_consensus	LIANA magnitude consensus	LIANA 1.7.3 current Python	10000	10353	158397	168750	7500			not_estimable	cutoff_exceeds_returned_rank_range					False		
paper_union_max_imputed	paper_text_top_vs_remainder	liana_specificity_consensus	LIANA specificity consensus	LIANA 1.7.3 current Python	100	10353	158397	168750	5650	0.9567881495821414	1.0	observed		12.0	88.0	21038.0	147612.0	True	1.0	1.0
paper_union_max_imputed	author_released_code_top_vs_total	liana_specificity_consensus	LIANA specificity consensus	LIANA 1.7.3 current Python	100	10353	158397	168750	5650	0.9568127834161089	1.0	observed		12.0	88.0	21038.0	147612.0	True	1.0	1.0
paper_union_max_imputed	paper_text_top_vs_remainder	liana_specificity_consensus	LIANA specificity consensus	LIANA 1.7.3 current Python	250	10353	158397	168750	5650	0.8848267923522419	0.631678026175942	observed		28.0	222.0	21022.0	147478.0	True	0.7580136314111304	0.7017904538616804
paper_union_max_imputed	author_released_code_top_vs_total	liana_specificity_consensus	LIANA specificity consensus	LIANA 1.7.3 current Python	250	10353	158397	168750	5650	0.884979991868353	0.6316659216261764	observed		28.0	222.0	21022.0	147478.0	True	0.7579991059514117	0.7018105087430675
paper_union_max_imputed	paper_text_top_vs_remainder	liana_specificity_consensus	LIANA specificity consensus	LIANA 1.7.3 current Python	500	10353	158397	168750	5650	1.6279342010474085	4.6446872264128455e-14	observed		330.0	1431.0	20720.0	146269.0	True	1.8578748905651382e-13	3.7157497811302764e-13
paper_union_max_imputed	author_released_code_top_vs_total	liana_specificity_consensus	LIANA specificity consensus	LIANA 1.7.3 current Python	500	10353	158397	168750	5650	1.6180901019336011	9.255381978611257e-14	observed		330.0	1431.0	20720.0	146269.0	True	3.702152791444503e-13	7.404305582889006e-13
paper_union_max_imputed	paper_text_top_vs_remainder	liana_specificity_consensus	LIANA specificity consensus	LIANA 1.7.3 current Python	1000	10353	158397	168750	5650	1.6279342010474085	4.6446872264128455e-14	observed		330.0	1431.0	20720.0	146269.0	True	1.1147249343390829e-13	1.2385832603767587e-13
paper_union_max_imputed	author_released_code_top_vs_total	liana_specificity_consensus	LIANA specificity consensus	LIANA 1.7.3 current Python	1000	10353	158397	168750	5650	1.6180901019336011	9.255381978611257e-14	observed		330.0	1431.0	20720.0	146269.0	True	1.9544582013589896e-13	2.468101860963002e-13
paper_union_max_imputed	paper_text_top_vs_remainder	liana_specificity_consensus	LIANA specificity consensus	LIANA 1.7.3 current Python	2500	10353	158397	168750	5650	1.6248581480139097	4.863385749712212e-19	observed		467.0	2034.0	20583.0	145666.0	True	9.726771499424424e-19	1.2969028665899232e-18
paper_union_max_imputed	author_released_code_top_vs_total	liana_specificity_consensus	LIANA specificity consensus	LIANA 1.7.3 current Python	2500	10353	158397	168750	5650	1.6109954993145037	1.8897186726616428e-18	observed		467.0	2034.0	20583.0	145666.0	True	3.7794373453232855e-18	5.039249793764381e-18
paper_union_max_imputed	paper_text_top_vs_remainder	liana_specificity_consensus	LIANA specificity consensus	LIANA 1.7.3 current Python	5000	10353	158397	168750	5650	1.608787976193955	4.061016674565299e-34	observed		920.0	4080.0	20130.0	143620.0	True	1.0152541686413246e-33	1.4213558360978546e-33
paper_union_max_imputed	author_released_code_top_vs_total	liana_specificity_consensus	LIANA specificity consensus	LIANA 1.7.3 current Python	5000	10353	158397	168750	5650	1.582180615714219	5.311229941020867e-32	observed		920.0	4080.0	20130.0	143620.0	True	1.3278074852552167e-31	1.8589304793573034e-31
paper_union_max_imputed	paper_text_top_vs_remainder	liana_specificity_consensus	LIANA specificity consensus	LIANA 1.7.3 current Python	10000	10353	158397	168750	5650			not_estimable	cutoff_exceeds_returned_rank_range					True		
paper_union_max_imputed	author_released_code_top_vs_total	liana_specificity_consensus	LIANA specificity consensus	LIANA 1.7.3 current Python	10000	10353	158397	168750	5650			not_estimable	cutoff_exceeds_returned_rank_range					True		
paper_union_max_imputed	paper_text_top_vs_remainder	logfc_specificity	logFC specificity	LIANA 1.7.3 current Python	100	10353	158397	168750	10353	0.9567881495821414	1.0	observed		12.0	88.0	21038.0	147612.0	True	1.0	1.0
paper_union_max_imputed	author_released_code_top_vs_total	logfc_specificity	logFC specificity	LIANA 1.7.3 current Python	100	10353	158397	168750	10353	0.9568127834161089	1.0	observed		12.0	88.0	21038.0	147612.0	True	1.0	1.0
paper_union_max_imputed	paper_text_top_vs_remainder	logfc_specificity	logFC specificity	LIANA 1.7.3 current Python	250	10353	158397	168750	10353	0.8848267923522419	0.631678026175942	observed		28.0	222.0	21022.0	147478.0	True	0.7580136314111304	0.7017904538616804
paper_union_max_imputed	author_released_code_top_vs_total	logfc_specificity	logFC specificity	LIANA 1.7.3 current Python	250	10353	158397	168750	10353	0.884979991868353	0.6316659216261764	observed		28.0	222.0	21022.0	147478.0	True	0.7579991059514117	0.7018105087430675
paper_union_max_imputed	paper_text_top_vs_remainder	logfc_specificity	logFC specificity	LIANA 1.7.3 current Python	500	10353	158397	168750	10353	0.9932011595232065	1.0	observed		62.0	438.0	20988.0	147262.0	True	1.0	1.0
paper_union_max_imputed	author_released_code_top_vs_total	logfc_specificity	logFC specificity	LIANA 1.7.3 current Python	500	10353	158397	168750	10353	0.9932211846115467	1.0	observed		62.0	438.0	20988.0	147262.0	True	1.0	1.0
paper_union_max_imputed	paper_text_top_vs_remainder	logfc_specificity	logFC specificity	LIANA 1.7.3 current Python	1000	10353	158397	168750	10353	1.2399380804953561	0.018546987150363452	observed		150.0	850.0	20900.0	146850.0	True	0.020233076891305584	0.021196556743272515
paper_union_max_imputed	author_released_code_top_vs_total	logfc_specificity	logFC specificity	LIANA 1.7.3 current Python	1000	10353	158397	168750	10353	1.2382283079502585	0.018630336696304838	observed		150.0	850.0	20900.0	146850.0	True	0.020324003668696185	0.02129181336720553
paper_union_max_imputed	paper_text_top_vs_remainder	logfc_specificity	logFC specificity	LIANA 1.7.3 current Python	2500	10353	158397	168750	10353	1.669613160797814	2.720494806795618e-21	observed		477.0	2023.0	20573.0	145677.0	True	6.5291875363094825e-21	1.0881979227182471e-20
paper_union_max_imputed	author_released_code_top_vs_total	logfc_specificity	logFC specificity	LIANA 1.7.3 current Python	2500	10353	158397	168750	10353	1.6544395038999251	1.2081404564445576e-20	observed		477.0	2023.0	20573.0	145677.0	True	2.899537095466938e-20	4.8325618257782306e-20
paper_union_max_imputed	paper_text_top_vs_remainder	logfc_specificity	logFC specificity	LIANA 1.7.3 current Python	5000	10353	158397	168750	10353	1.564364824789687	4.8435721150726334e-30	observed		900.0	4100.0	20150.0	143600.0	True	9.687144230145267e-30	1.1301668268502811e-29
paper_union_max_imputed	author_released_code_top_vs_total	logfc_specificity	logFC specificity	LIANA 1.7.3 current Python	5000	10353	158397	168750	10353	1.5402352123283702	3.276650004249456e-28	observed		900.0	4100.0	20150.0	143600.0	True	6.553300008498911e-28	7.645516676582064e-28
paper_union_max_imputed	paper_text_top_vs_remainder	logfc_specificity	logFC specificity	LIANA 1.7.3 current Python	10000	10353	158397	168750	10353	1.2991434349603102	7.146391943974491e-19	observed		1540.0	8460.0	19510.0	139240.0	True	1.0719587915961736e-18	1.1910653239957486e-18
paper_union_max_imputed	author_released_code_top_vs_total	logfc_specificity	logFC specificity	LIANA 1.7.3 current Python	10000	10353	158397	168750	10353	1.2772583570582257	8.371105406602711e-17	observed		1540.0	8460.0	19510.0	139240.0	True	1.2556658109904068e-16	1.395184234433785e-16
paper_union_max_imputed	paper_text_top_vs_remainder	natmi_specificity	NATMI specificity	LIANA 1.7.3 current Python	100	10353	158397	168750	10353	0.7795204900718209	0.5456403876037276	observed		10.0	90.0	21040.0	147610.0	True	0.9353835216063902	1.0
paper_union_max_imputed	author_released_code_top_vs_total	natmi_specificity	NATMI specificity	LIANA 1.7.3 current Python	100	10353	158397	168750	10353	0.7796252309316443	0.5456395563696195	observed		10.0	90.0	21040.0	147610.0	True	0.9353820966336334	1.0
paper_union_max_imputed	paper_text_top_vs_remainder	natmi_specificity	NATMI specificity	LIANA 1.7.3 current Python	250	10353	158397	168750	10353	0.7106195956572722	0.12544531179773294	observed		23.0	227.0	21027.0	147473.0	True	0.1881679676965994	0.2007124988763727
paper_union_max_imputed	author_released_code_top_vs_total	natmi_specificity	NATMI specificity	LIANA 1.7.3 current Python	250	10353	158397	168750	10353	0.7109357832724685	0.12545032442905454	observed		23.0	227.0	21027.0	147473.0	True	0.1881754866435818	0.20072051908648728
paper_union_max_imputed	paper_text_top_vs_remainder	natmi_specificity	NATMI specificity	LIANA 1.7.3 current Python	500	10353	158397	168750	10353	0.8668757408799848	0.34292604618416334	observed		55.0	445.0	20995.0	147255.0	True	0.3741011412918145	0.39191548135332954
paper_union_max_imputed	author_released_code_top_vs_total	natmi_specificity	NATMI specificity	LIANA 1.7.3 current Python	500	10353	158397	168750	10353	0.8672235714857616	0.3429335713300551	observed		55.0	445.0	20995.0	147255.0	True	0.3741093505418782	0.391924081520063
paper_union_max_imputed	paper_text_top_vs_remainder	natmi_specificity	NATMI specificity	LIANA 1.7.3 current Python	1000	10353	158397	168750	10353	1.011619910697842	0.8855481863804793	observed		126.0	874.0	20924.0	146826.0	True	0.8855481863804794	0.8855481863804793
paper_union_max_imputed	author_released_code_top_vs_total	natmi_specificity	NATMI specificity	LIANA 1.7.3 current Python	1000	10353	158397	168750	10353	1.011550356838083	0.8855559853706116	observed		126.0	874.0	20924.0	146826.0	True	0.8855559853706115	0.8855559853706116
paper_union_max_imputed	paper_text_top_vs_remainder	natmi_specificity	NATMI specificity	LIANA 1.7.3 current Python	2500	10353	158397	168750	10353	1.1835055085530506	0.004131043797131398	observed		360.0	2140.0	20690.0	145560.0	True	0.004131043797131398	0.004131043797131398
paper_union_max_imputed	author_released_code_top_vs_total	natmi_specificity	NATMI specificity	LIANA 1.7.3 current Python	2500	10353	158397	168750	10353	1.1803671720647324	0.00459352049808256	observed		360.0	2140.0	20690.0	145560.0	True	0.00459352049808256	0.00459352049808256
paper_union_max_imputed	paper_text_top_vs_remainder	natmi_specificity	NATMI specificity	LIANA 1.7.3 current Python	5000	10353	158397	168750	10353	1.3477101486085405	1.9038116095681867e-13	observed		799.0	4201.0	20251.0	143499.0	True	1.9038116095681867e-13	1.9038116095681867e-13
paper_union_max_imputed	author_released_code_top_vs_total	natmi_specificity	NATMI specificity	LIANA 1.7.3 current Python	5000	10353	158397	168750	10353	1.3345120294285775	1.0016954285382013e-12	observed		799.0	4201.0	20251.0	143499.0	True	1.0016954285382013e-12	1.0016954285382013e-12
paper_union_max_imputed	paper_text_top_vs_remainder	natmi_specificity	NATMI specificity	LIANA 1.7.3 current Python	10000	10353	158397	168750	10353	1.2895002662661401	7.537076668530365e-18	observed		1531.0	8469.0	19519.0	139231.0	True	9.044492002236438e-18	9.421345835662957e-18
paper_union_max_imputed	author_released_code_top_vs_total	natmi_specificity	NATMI specificity	LIANA 1.7.3 current Python	10000	10353	158397	168750	10353	1.2684444511757145	6.551038320789043e-16	observed		1531.0	8469.0	19519.0	139231.0	True	7.861245984946853e-16	8.188797900986303e-16
paper_union_max_imputed	paper_text_top_vs_remainder	singlecellsignalr_lrscore	SingleCellSignalR LRscore	LIANA 1.7.3 current Python	100	10236	158514	168750	10236	0.9567881495821414	1.0	observed		12.0	88.0	21038.0	147612.0	True	1.0	1.0
paper_union_max_imputed	author_released_code_top_vs_total	singlecellsignalr_lrscore	SingleCellSignalR LRscore	LIANA 1.7.3 current Python	100	10236	158514	168750	10236	0.9568127834161089	1.0	observed		12.0	88.0	21038.0	147612.0	True	1.0	1.0
paper_union_max_imputed	paper_text_top_vs_remainder	singlecellsignalr_lrscore	SingleCellSignalR LRscore	LIANA 1.7.3 current Python	250	10236	158514	168750	10236	1.583455625632466	0.007029455897259725	observed		46.0	204.0	21004.0	147496.0	True	0.01405891179451945	0.018745215726025933
paper_union_max_imputed	author_released_code_top_vs_total	singlecellsignalr_lrscore	SingleCellSignalR LRscore	LIANA 1.7.3 current Python	250	10236	158514	168750	10236	1.582180615714219	0.007057625049710829	observed		46.0	204.0	21004.0	147496.0	True	0.014115250099421656	0.018820333465895542
paper_union_max_imputed	paper_text_top_vs_remainder	singlecellsignalr_lrscore	SingleCellSignalR LRscore	LIANA 1.7.3 current Python	500	10236	158514	168750	10236	1.4800629357455468	0.0013953022366246185	observed		87.0	413.0	20963.0	147287.0	True	0.001860402982166158	0.0022324835785993897
paper_union_max_imputed	author_released_code_top_vs_total	singlecellsignalr_lrscore	SingleCellSignalR LRscore	LIANA 1.7.3 current Python	500	10236	158514	168750	10236	1.4780788276500665	0.0014095597992881768	observed		87.0	413.0	20963.0	147287.0	True	0.001879413065717569	0.002255295678861083
paper_union_max_imputed	paper_text_top_vs_remainder	singlecellsignalr_lrscore	SingleCellSignalR LRscore	LIANA 1.7.3 current Python	1000	10236	158514	168750	10236	1.8853105263353158	1.913116715818868e-14	observed		211.0	789.0	20839.0	146911.0	True	5.739350147456604e-14	7.652466863275471e-14
paper_union_max_imputed	author_released_code_top_vs_total	singlecellsignalr_lrscore	SingleCellSignalR LRscore	LIANA 1.7.3 current Python	1000	10236	158514	168750	10236	1.876436392318368	3.090965308372603e-14	observed		211.0	789.0	20839.0	146911.0	True	9.272895925117807e-14	1.236386123349041e-13
paper_union_max_imputed	paper_text_top_vs_remainder	singlecellsignalr_lrscore	SingleCellSignalR LRscore	LIANA 1.7.3 current Python	2500	10236	158514	168750	10236	1.4881668358978364	8.176921218765882e-13	observed		435.0	2065.0	20615.0	145635.0	True	9.812305462519059e-13	9.34505282144672e-13
paper_union_max_imputed	author_released_code_top_vs_total	singlecellsignalr_lrscore	SingleCellSignalR LRscore	LIANA 1.7.3 current Python	2500	10236	158514	168750	10236	1.4780788276500665	1.8322354842645534e-12	observed		435.0	2065.0	20615.0	145635.0	True	2.1986825811174643e-12	2.093983410588061e-12
paper_union_max_imputed	paper_text_top_vs_remainder	singlecellsignalr_lrscore	SingleCellSignalR LRscore	LIANA 1.7.3 current Python	5000	10236	158514	168750	10236	1.4213673792080574	1.70798946689518e-18	observed		834.0	4166.0	20216.0	143534.0	True	1.8977660743279775e-18	1.9926543780443767e-18
paper_union_max_imputed	author_released_code_top_vs_total	singlecellsignalr_lrscore	SingleCellSignalR LRscore	LIANA 1.7.3 current Python	5000	10236	158514	168750	10236	1.404672823661287	1.9731538728602794e-17	observed		834.0	4166.0	20216.0	143534.0	True	2.1923931920669772e-17	2.3020128516703263e-17
paper_union_max_imputed	paper_text_top_vs_remainder	singlecellsignalr_lrscore	SingleCellSignalR LRscore	LIANA 1.7.3 current Python	10000	10236	158514	168750	10236	1.2554480783869606	1.979095155065844e-14	observed		1499.0	8501.0	19551.0	139199.0	True	1.979095155065844e-14	1.979095155065844e-14
paper_union_max_imputed	author_released_code_top_vs_total	singlecellsignalr_lrscore	SingleCellSignalR LRscore	LIANA 1.7.3 current Python	10000	10236	158514	168750	10236	1.2372572627336562	6.146868618859118e-13	observed		1499.0	8501.0	19551.0	139199.0	True	6.146868618859117e-13	6.146868618859118e-13
