method	metric	study_id	n_evaluable	patient_equal_mean	patient_median	patient_standard_deviation	patient_minimum	patient_maximum	aggregation_unit
CRYCHIC availability-state	auroc	GSE122960	4	0.7689979405462752	0.7644629818393626	0.015317477636194473	0.7562875746291943	0.7907782238771817	patient_within_study_equal_weight
CRYCHIC availability-state	auroc	GSE128033	8	0.7820983545172765	0.7763256433192569	0.021175331832988142	0.7514197749162697	0.8144203365854673	patient_within_study_equal_weight
CRYCHIC availability-state	auroc	GSE135893	12	0.5309620145201889	0.47803249360321187	0.14561343205895344	0.3786066443385825	0.7990576439017287	patient_within_study_equal_weight
CRYCHIC availability-state	auroc	GSE136831	32	0.5338012393126833	0.5302885315470867	0.07814879981796717	0.3823095005304653	0.695970543570968	patient_within_study_equal_weight
CRYCHIC availability-state	average_precision	GSE122960	4	0.2874340243080048	0.2745051346492726	0.07453953136233325	0.2236805383706254	0.3770452895628486	patient_within_study_equal_weight
CRYCHIC availability-state	average_precision	GSE128033	8	0.2239511224401628	0.222025996130716	0.01665213079941446	0.202655973713543	0.260427492239672	patient_within_study_equal_weight
CRYCHIC availability-state	average_precision	GSE135893	12	0.15162013250816972	0.14599492567403038	0.0703172192152998	0.0688673624486288	0.3050368990111183	patient_within_study_equal_weight
CRYCHIC availability-state	average_precision	GSE136831	32	0.1621772140964106	0.1337811256762875	0.07798850928648356	0.0573113207547169	0.3453894373781105	patient_within_study_equal_weight
CRYCHIC availability-state	balanced_auprc	GSE122960	4	0.781592245373692	0.7728571812311364	0.021301746815983142	0.7674727366700961	0.8131818823623987	patient_within_study_equal_weight
CRYCHIC availability-state	balanced_auprc	GSE128033	8	0.778526804815989	0.7781055749614472	0.017317199691437024	0.7533160456405689	0.8092548192274642	patient_within_study_equal_weight
CRYCHIC availability-state	balanced_auprc	GSE135893	12	0.6196090538887934	0.5722326442056008	0.09578859974621574	0.5239277837890113	0.8049931006693698	patient_within_study_equal_weight
CRYCHIC availability-state	balanced_auprc	GSE136831	32	0.615832193860008	0.5918309362974987	0.0696679881334649	0.5066037735849056	0.7533239110543067	patient_within_study_equal_weight
CRYCHIC availability-state	f1	GSE122960	4	0.3632075471698113	0.33018867924528295	0.07287188821544953	0.320754716981132	0.4716981132075472	patient_within_study_equal_weight
CRYCHIC availability-state	f1	GSE128033	8	0.3018867924528302	0.3018867924528302	0.014262810302234958	0.2830188679245283	0.320754716981132	patient_within_study_equal_weight
CRYCHIC availability-state	f1	GSE135893	12	0.20117422721798472	0.17924528301886788	0.11340441431376007	0.0744680851063829	0.3962264150943396	patient_within_study_equal_weight
CRYCHIC availability-state	f1	GSE136831	32	0.21518108366528624	0.1886792452830188	0.10045080553795746	0.0188679245283018	0.3773584905660377	patient_within_study_equal_weight
CRYCHIC availability-state	mcc	GSE122960	4	0.32599696282582014	0.29104865719456635	0.07713011321591125	0.2810634270142081	0.4408271098999397	patient_within_study_equal_weight
CRYCHIC availability-state	mcc	GSE128033	8	0.2610929666534917	0.2610929666534917	0.015096249051979713	0.2411225062927752	0.2810634270142081	patient_within_study_equal_weight
CRYCHIC availability-state	mcc	GSE135893	12	0.15230113896543415	0.13128497430883485	0.12291164794309584	-0.005945026845944	0.3609452684570739	patient_within_study_equal_weight
CRYCHIC availability-state	mcc	GSE136831	32	0.16856072150982573	0.141270204489193	0.10777964165365683	-0.0427618355097443	0.3409748080963575	patient_within_study_equal_weight
CRYCHIC availability-state	precision	GSE122960	4	0.3632075471698113	0.33018867924528295	0.07287188821544953	0.320754716981132	0.4716981132075472	patient_within_study_equal_weight
CRYCHIC availability-state	precision	GSE128033	8	0.3018867924528302	0.3018867924528302	0.014262810302234958	0.2830188679245283	0.320754716981132	patient_within_study_equal_weight
CRYCHIC availability-state	precision	GSE135893	12	0.19928954111344047	0.17924528301886788	0.11586287894040302	0.0518518518518518	0.3962264150943396	patient_within_study_equal_weight
CRYCHIC availability-state	precision	GSE136831	32	0.21486831761006284	0.1886792452830188	0.10103181543701548	0.0188679245283018	0.3773584905660377	patient_within_study_equal_weight
CRYCHIC availability-state	raw_positive_return_fraction	GSE122960	4	0.9858490566037736	1.0	0.02830188679245284	0.9433962264150944	1.0	patient_within_study_equal_weight
CRYCHIC availability-state	raw_positive_return_fraction	GSE128033	8	0.9929245283018868	1.0	0.02001245607131737	0.9433962264150944	1.0	patient_within_study_equal_weight
CRYCHIC availability-state	raw_positive_return_fraction	GSE135893	12	0.4512578616352201	0.28301886792452824	0.35082149281127695	0.0754716981132075	1.0	patient_within_study_equal_weight
CRYCHIC availability-state	raw_positive_return_fraction	GSE136831	32	0.40389150943396224	0.3396226415094339	0.22406261003577818	0.0188679245283018	0.7735849056603774	patient_within_study_equal_weight
CRYCHIC availability-state	sensitivity	GSE122960	4	0.3632075471698113	0.33018867924528295	0.07287188821544953	0.320754716981132	0.4716981132075472	patient_within_study_equal_weight
CRYCHIC availability-state	sensitivity	GSE128033	8	0.3018867924528302	0.3018867924528302	0.014262810302234958	0.2830188679245283	0.320754716981132	patient_within_study_equal_weight
CRYCHIC availability-state	sensitivity	GSE135893	12	0.20597484276729558	0.17924528301886788	0.10867374596975136	0.0754716981132075	0.3962264150943396	patient_within_study_equal_weight
CRYCHIC availability-state	sensitivity	GSE136831	32	0.2158018867924528	0.1886792452830188	0.09937129389200335	0.0188679245283018	0.3773584905660377	patient_within_study_equal_weight
CRYCHIC availability-state	specificity	GSE122960	4	0.9627894156560088	0.9608599779492834	0.004258225000461729	0.960308710033076	0.9691289966923924	patient_within_study_equal_weight
CRYCHIC availability-state	specificity	GSE128033	8	0.9592061742006616	0.9592061742006616	0.0008334387497447077	0.958103638368247	0.960308710033076	patient_within_study_equal_weight
CRYCHIC availability-state	specificity	GSE135893	12	0.9460676221977214	0.952039691289967	0.028150344117540124	0.8588754134509372	0.9647188533627344	patient_within_study_equal_weight
CRYCHIC availability-state	specificity	GSE136831	32	0.9522464167585446	0.9525909592061742	0.013623051024551018	0.8842337375964718	0.9636163175303196	patient_within_study_equal_weight
CellChat composite	auroc	GSE122960	4	0.5562189261717043	0.5570198248424206	0.046535374224991516	0.5	0.6108360550019762	patient_within_study_equal_weight
CellChat composite	auroc	GSE128033	8	0.5237201223190697	0.5233300742651494	0.012430514209817892	0.5050446214973685	0.541573921907179	patient_within_study_equal_weight
CellChat composite	auroc	GSE135893	12	0.5335129287928273	0.5277506188762455	0.027088699641515276	0.5072288905993219	0.5821805246406357	patient_within_study_equal_weight
CellChat composite	auroc	GSE136831	32	0.5553533445320463	0.5438101974163216	0.04290761886480611	0.4994487320837927	0.6655155915208754	patient_within_study_equal_weight
CellChat composite	average_precision	GSE122960	4	0.11423498703864267	0.0987067014484467	0.06387865137298358	0.0552083333333333	0.204318211924344	patient_within_study_equal_weight
CellChat composite	average_precision	GSE128033	8	0.07188454234444798	0.07320969125214405	0.008032462887078214	0.0588836477987421	0.0821981477641855	patient_within_study_equal_weight
CellChat composite	average_precision	GSE135893	12	0.08836698056922108	0.09082984952678344	0.023260085919824952	0.0588836477987421	0.1231542986086549	patient_within_study_equal_weight
CellChat composite	average_precision	GSE136831	32	0.11187184878406281	0.0933656293915727	0.05362085606015142	0.0552083333333333	0.2680391982958591	patient_within_study_equal_weight
CellChat composite	balanced_auprc	GSE122960	4	0.5532466024541496	0.552581675923657	0.04479667263312203	0.5	0.6078230579692845	patient_within_study_equal_weight
CellChat composite	balanced_auprc	GSE128033	8	0.524229615902965	0.5242466307277629	0.011260528135443879	0.5083647798742139	0.541722371967655	patient_within_study_equal_weight
CellChat composite	balanced_auprc	GSE135893	12	0.5328745735833	0.5276572327044025	0.02482492865447206	0.5082704402515723	0.5805414674424109	patient_within_study_equal_weight
CellChat composite	balanced_auprc	GSE136831	32	0.5541565370238487	0.5433743261455527	0.04168542540962494	0.5	0.6623217738452202	patient_within_study_equal_weight
CellChat composite	f1	GSE122960	4	0.104639684106614	0.104639684106614	0.0	0.104639684106614	0.104639684106614	patient_within_study_equal_weight
CellChat composite	f1	GSE128033	8	0.104639684106614	0.104639684106614	0.0	0.104639684106614	0.104639684106614	patient_within_study_equal_weight
CellChat composite	f1	GSE135893	12	0.104639684106614	0.104639684106614	0.0	0.104639684106614	0.104639684106614	patient_within_study_equal_weight
CellChat composite	f1	GSE136831	32	0.104639684106614	0.104639684106614	0.0	0.104639684106614	0.104639684106614	patient_within_study_equal_weight
CellChat composite	precision	GSE122960	4	0.0552083333333333	0.0552083333333333	0.0	0.0552083333333333	0.0552083333333333	patient_within_study_equal_weight
CellChat composite	precision	GSE128033	8	0.0552083333333333	0.0552083333333333	0.0	0.0552083333333333	0.0552083333333333	patient_within_study_equal_weight
CellChat composite	precision	GSE135893	12	0.0552083333333333	0.0552083333333333	0.0	0.0552083333333333	0.0552083333333333	patient_within_study_equal_weight
CellChat composite	precision	GSE136831	32	0.0552083333333333	0.0552083333333333	0.0	0.0552083333333333	0.0552083333333333	patient_within_study_equal_weight
CellChat composite	raw_positive_return_fraction	GSE122960	4	0.11792452830188677	0.12264150943396224	0.09543390506599694	0.0	0.2264150943396226	patient_within_study_equal_weight
CellChat composite	raw_positive_return_fraction	GSE128033	8	0.056603773584905606	0.056603773584905606	0.02668327476175653	0.0188679245283018	0.0943396226415094	patient_within_study_equal_weight
CellChat composite	raw_positive_return_fraction	GSE135893	12	0.07389937106918233	0.0566037735849056	0.05882345008939037	0.0188679245283018	0.1886792452830188	patient_within_study_equal_weight
CellChat composite	raw_positive_return_fraction	GSE136831	32	0.1185141509433962	0.0943396226415094	0.08839900488718401	0.0	0.3396226415094339	patient_within_study_equal_weight
CellChat composite	sensitivity	GSE122960	4	1.0	1.0	0.0	1.0	1.0	patient_within_study_equal_weight
CellChat composite	sensitivity	GSE128033	8	1.0	1.0	0.0	1.0	1.0	patient_within_study_equal_weight
CellChat composite	sensitivity	GSE135893	12	1.0	1.0	0.0	1.0	1.0	patient_within_study_equal_weight
CellChat composite	sensitivity	GSE136831	32	1.0	1.0	0.0	1.0	1.0	patient_within_study_equal_weight
CellChat composite	specificity	GSE122960	4	0.0	0.0	0.0	0.0	0.0	patient_within_study_equal_weight
CellChat composite	specificity	GSE128033	8	0.0	0.0	0.0	0.0	0.0	patient_within_study_equal_weight
CellChat composite	specificity	GSE135893	12	0.0	0.0	0.0	0.0	0.0	patient_within_study_equal_weight
CellChat composite	specificity	GSE136831	32	0.0	0.0	0.0	0.0	0.0	patient_within_study_equal_weight
CellChat p-value	auroc	GSE122960	4	0.5833090636766449	0.5891857876890434	0.032209290136462475	0.543862203823511	0.6110024755049822	patient_within_study_equal_weight
CellChat p-value	auroc	GSE128033	8	0.5352564435938507	0.5316719019783237	0.026866099466714477	0.5155603170310582	0.5970439558153564	patient_within_study_equal_weight
CellChat p-value	auroc	GSE135893	12	0.47458706912691645	0.48509496369952776	0.09359951271358283	0.3230221963345884	0.6540429780949013	patient_within_study_equal_weight
CellChat p-value	auroc	GSE136831	32	0.5055344568450832	0.5098916186474174	0.06185161213022587	0.3883006386386803	0.6749495537850263	patient_within_study_equal_weight
CellChat p-value	average_precision	GSE122960	4	0.12568674516745604	0.11012989565465975	0.06251298463400917	0.0699675352724544	0.2125196540880503	patient_within_study_equal_weight
CellChat p-value	average_precision	GSE128033	8	0.06949393063042823	0.0690120545073375	0.007008741666772233	0.0625589622641509	0.0814465408805031	patient_within_study_equal_weight
CellChat p-value	average_precision	GSE135893	12	0.08245854923587498	0.07797251369101095	0.02791009378950516	0.0530935534591194	0.1456499345021027	patient_within_study_equal_weight
CellChat p-value	average_precision	GSE136831	32	0.10806893328138546	0.09149371069182385	0.05357866553607961	0.0521394368210405	0.2863076787318701	patient_within_study_equal_weight
CellChat p-value	balanced_auprc	GSE122960	4	0.5719587982332321	0.5680906561112222	0.027818324863057936	0.5422282120395328	0.6094256686709517	patient_within_study_equal_weight
CellChat p-value	balanced_auprc	GSE128033	8	0.5286499122947521	0.5294519317160826	0.014234656821220376	0.5145911949685535	0.5556386514577472	patient_within_study_equal_weight
CellChat p-value	balanced_auprc	GSE135893	12	0.5229762913266514	0.5225963836090135	0.04475990733495422	0.4776140138484489	0.6233318766205995	patient_within_study_equal_weight
CellChat p-value	balanced_auprc	GSE136831	32	0.548173547207052	0.5396075571953116	0.04667623955329762	0.478343622121359	0.6863459051233585	patient_within_study_equal_weight
CellChat p-value	f1	GSE122960	4	0.11181309641329383	0.104639684106614	0.014346824613359649	0.104639684106614	0.1333333333333333	patient_within_study_equal_weight
CellChat p-value	f1	GSE128033	8	0.10742266775572379	0.104639684106614	0.007871466440867251	0.104639684106614	0.1269035532994923	patient_within_study_equal_weight
CellChat p-value	f1	GSE135893	12	0.0734941841606414	0.06799639395988274	0.03311195855679659	0.0273037542662116	0.1269035532994923	patient_within_study_equal_weight
CellChat p-value	f1	GSE136831	32	0.08135580726568682	0.0904836193447738	0.02880065467688873	0.0124223602484472	0.1248049921996879	patient_within_study_equal_weight
CellChat p-value	mcc	GSE122960	1	0.1045632377604998	0.1045632377604998		0.1045632377604998	0.1045632377604998	patient_within_study_equal_weight
CellChat p-value	mcc	GSE128033	1	0.1014453311752765	0.1014453311752765		0.1014453311752765	0.1014453311752765	patient_within_study_equal_weight
CellChat p-value	mcc	GSE135893	11	-0.052839827341720436	-0.0496352366167073	0.08528634674195676	-0.2215646785370468	0.1014453311752765	patient_within_study_equal_weight
CellChat p-value	mcc	GSE136831	32	-0.027183848290475206	-0.0324159910522674	0.04198736688411362	-0.1178077733788672	0.070566218788871	patient_within_study_equal_weight
CellChat p-value	precision	GSE122960	4	0.059459625196232296	0.0552083333333333	0.008502583725798004	0.0552083333333333	0.0722135007849293	patient_within_study_equal_weight
CellChat p-value	precision	GSE128033	8	0.05681069302721085	0.0552083333333333	0.004532157621763267	0.0552083333333333	0.0680272108843537	patient_within_study_equal_weight
CellChat p-value	precision	GSE135893	12	0.04167377282109421	0.043357535321821	0.017744103510753922	0.0166666666666666	0.0680272108843537	patient_within_study_equal_weight
CellChat p-value	precision	GSE136831	32	0.046092430738078005	0.0493197278911564	0.015428241102340368	0.0092592592592592	0.0680272108843537	patient_within_study_equal_weight
CellChat p-value	raw_positive_return_fraction	GSE122960	4	0.9669811320754718	1.0	0.0660377358490566	0.8679245283018868	1.0	patient_within_study_equal_weight
CellChat p-value	raw_positive_return_fraction	GSE128033	8	0.9929245283018868	1.0	0.02001245607131737	0.9433962264150944	1.0	patient_within_study_equal_weight
CellChat p-value	raw_positive_return_fraction	GSE135893	12	0.44496855345911945	0.28301886792452824	0.3509137313245979	0.0754716981132075	1.0	patient_within_study_equal_weight
CellChat p-value	raw_positive_return_fraction	GSE136831	32	0.40271226415094336	0.3396226415094339	0.2246129013530672	0.0188679245283018	0.7735849056603774	patient_within_study_equal_weight
CellChat p-value	sensitivity	GSE122960	4	0.9669811320754718	1.0	0.0660377358490566	0.8679245283018868	1.0	patient_within_study_equal_weight
CellChat p-value	sensitivity	GSE128033	8	0.9929245283018868	1.0	0.02001245607131737	0.9433962264150944	1.0	patient_within_study_equal_weight
CellChat p-value	sensitivity	GSE135893	12	0.44496855345911945	0.28301886792452824	0.3509137313245979	0.0754716981132075	1.0	patient_within_study_equal_weight
CellChat p-value	sensitivity	GSE136831	32	0.40271226415094336	0.3396226415094339	0.2246129013530672	0.0188679245283018	0.7735849056603774	patient_within_study_equal_weight
CellChat p-value	specificity	GSE122960	4	0.08710033076074973	0.0	0.17420066152149946	0.0	0.3484013230429989	patient_within_study_equal_weight
CellChat p-value	specificity	GSE128033	8	0.03059536934950385	0.0	0.08653677255976489	0.0	0.2447629547960308	patient_within_study_equal_weight
CellChat p-value	specificity	GSE135893	12	0.4584711503123851	0.4674751929437706	0.2806719430341605	0.0	0.8787210584343991	patient_within_study_equal_weight
CellChat p-value	specificity	GSE136831	32	0.5448249724366042	0.5435501653803748	0.1971739390562683	0.1984564498346196	0.8842337375964718	patient_within_study_equal_weight
CellPhoneDB composite	auroc	GSE122960	4	0.6380510078841714	0.6349462253749663	0.05582527760158404	0.5734538495142601	0.7088577312724927	patient_within_study_equal_weight
CellPhoneDB composite	auroc	GSE128033	8	0.6068887686963034	0.6043352541033056	0.017580680924788	0.5864242474672879	0.6364960163092093	patient_within_study_equal_weight
CellPhoneDB composite	auroc	GSE135893	12	0.5677149424809137	0.5639470782800441	0.038051403663416715	0.5108277339768259	0.6322002870753677	patient_within_study_equal_weight
CellPhoneDB composite	auroc	GSE136831	32	0.5848439027688211	0.5747124045682428	0.05040212761601965	0.5077489546712155	0.6870046389715213	patient_within_study_equal_weight
CellPhoneDB composite	average_precision	GSE122960	4	0.17136364492302664	0.1606211558493576	0.043101527289569896	0.136938724681136	0.2272735433122553	patient_within_study_equal_weight
CellPhoneDB composite	average_precision	GSE128033	8	0.1128451599120134	0.11245014867772425	0.009262963131476658	0.098523098306853	0.1251739178196996	patient_within_study_equal_weight
CellPhoneDB composite	average_precision	GSE135893	12	0.10613706158612936	0.1099794402733134	0.02567360858683398	0.0650363132674453	0.1565661484401261	patient_within_study_equal_weight
CellPhoneDB composite	average_precision	GSE136831	32	0.12233177471554382	0.1085297077478168	0.047620993435340424	0.0588836477987421	0.2403590689238195	patient_within_study_equal_weight
CellPhoneDB composite	balanced_auprc	GSE122960	4	0.62876514609925	0.6239935088869594	0.04953252908073808	0.5742562893081761	0.6928172773149055	patient_within_study_equal_weight
CellPhoneDB composite	balanced_auprc	GSE128033	8	0.5947954465225421	0.5926700097486906	0.012903770671864517	0.5782300388290954	0.6132743639375596	patient_within_study_equal_weight
CellPhoneDB composite	balanced_auprc	GSE135893	12	0.5652195514299683	0.5620220212177758	0.0337742987779245	0.518050314465409	0.6179549424854861	patient_within_study_equal_weight
CellPhoneDB composite	balanced_auprc	GSE136831	32	0.5810760173604954	0.5704681196685912	0.047304134689216064	0.5075157232704403	0.680648084447963	patient_within_study_equal_weight
CellPhoneDB composite	f1	GSE122960	4	0.18697032911769634	0.104639684106614	0.16466129002216473	0.104639684106614	0.4339622641509434	patient_within_study_equal_weight
CellPhoneDB composite	f1	GSE128033	8	0.12929557264989103	0.104639684106614	0.06973738394052356	0.104639684106614	0.3018867924528302	patient_within_study_equal_weight
CellPhoneDB composite	f1	GSE135893	12	0.104639684106614	0.104639684106614	0.0	0.104639684106614	0.104639684106614	patient_within_study_equal_weight
CellPhoneDB composite	f1	GSE136831	32	0.104639684106614	0.104639684106614	0.0	0.104639684106614	0.104639684106614	patient_within_study_equal_weight
CellPhoneDB composite	mcc	GSE122960	1	0.4008861891785067	0.4008861891785067		0.4008861891785067	0.4008861891785067	patient_within_study_equal_weight
CellPhoneDB composite	mcc	GSE128033	1	0.2610929666534917	0.2610929666534917		0.2610929666534917	0.2610929666534917	patient_within_study_equal_weight
CellPhoneDB composite	precision	GSE122960	4	0.14989681603773583	0.0552083333333333	0.18937696540880505	0.0552083333333333	0.4339622641509434	patient_within_study_equal_weight
CellPhoneDB composite	precision	GSE128033	8	0.0860431407232704	0.0552083333333333	0.0872140056080224	0.0552083333333333	0.3018867924528302	patient_within_study_equal_weight
CellPhoneDB composite	precision	GSE135893	12	0.0552083333333333	0.0552083333333333	0.0	0.0552083333333333	0.0552083333333333	patient_within_study_equal_weight
CellPhoneDB composite	precision	GSE136831	32	0.0552083333333333	0.0552083333333333	0.0	0.0552083333333333	0.0552083333333333	patient_within_study_equal_weight
CellPhoneDB composite	raw_positive_return_fraction	GSE122960	4	0.3018867924528302	0.3018867924528301	0.12420388464233648	0.1509433962264151	0.4528301886792453	patient_within_study_equal_weight
CellPhoneDB composite	raw_positive_return_fraction	GSE128033	8	0.2452830188679245	0.23584905660377353	0.041582880378818105	0.2075471698113207	0.320754716981132	patient_within_study_equal_weight
CellPhoneDB composite	raw_positive_return_fraction	GSE135893	12	0.15566037735849053	0.1415094339622641	0.08442785320521494	0.0377358490566037	0.3018867924528302	patient_within_study_equal_weight
CellPhoneDB composite	raw_positive_return_fraction	GSE136831	32	0.18808962264150939	0.1698113207547169	0.10602974034311441	0.0188679245283018	0.3962264150943396	patient_within_study_equal_weight
CellPhoneDB composite	sensitivity	GSE122960	4	0.8584905660377359	1.0	0.28301886792452824	0.4339622641509434	1.0	patient_within_study_equal_weight
CellPhoneDB composite	sensitivity	GSE128033	8	0.9127358490566038	1.0	0.24682029154624774	0.3018867924528302	1.0	patient_within_study_equal_weight
CellPhoneDB composite	sensitivity	GSE135893	12	1.0	1.0	0.0	1.0	1.0	patient_within_study_equal_weight
CellPhoneDB composite	sensitivity	GSE136831	32	1.0	1.0	0.0	1.0	1.0	patient_within_study_equal_weight
CellPhoneDB composite	specificity	GSE122960	4	0.24173098125689085	0.0	0.4834619625137817	0.0	0.9669239250275634	patient_within_study_equal_weight
CellPhoneDB composite	specificity	GSE128033	8	0.1199007717750827	0.0	0.3391305951666463	0.0	0.9592061742006616	patient_within_study_equal_weight
CellPhoneDB composite	specificity	GSE135893	12	0.0	0.0	0.0	0.0	0.0	patient_within_study_equal_weight
CellPhoneDB composite	specificity	GSE136831	32	0.0	0.0	0.0	0.0	0.0	patient_within_study_equal_weight
CellPhoneDB p-value	auroc	GSE122960	4	0.6839752657527407	0.679240082378149	0.03245101947862412	0.6534709076158183	0.7239499906388467	patient_within_study_equal_weight
CellPhoneDB p-value	auroc	GSE128033	8	0.6238649601630921	0.6253562438892472	0.02220666100938946	0.5924361881383786	0.6659836491855796	patient_within_study_equal_weight
CellPhoneDB p-value	auroc	GSE135893	12	0.5069003834605756	0.4897235339393813	0.11259983902650675	0.3635871939422937	0.7004638971521291	patient_within_study_equal_weight
CellPhoneDB p-value	auroc	GSE136831	32	0.5221716315450063	0.5246302344448837	0.06889935155570424	0.391358615381415	0.6838946558215973	patient_within_study_equal_weight
CellPhoneDB p-value	average_precision	GSE122960	4	0.1895484930222276	0.18166530470149214	0.030985237907786282	0.1614687564232712	0.2333946062626549	patient_within_study_equal_weight
CellPhoneDB p-value	average_precision	GSE128033	8	0.13037099938913374	0.13237291954287464	0.012271354884891523	0.1057188945199737	0.1427536003566291	patient_within_study_equal_weight
CellPhoneDB p-value	average_precision	GSE135893	12	0.11162217841806071	0.107894778177797	0.03759299639791831	0.0563875786163522	0.1740599390852681	patient_within_study_equal_weight
CellPhoneDB p-value	average_precision	GSE136831	32	0.12165294967853546	0.11090016168941366	0.04909902900369343	0.0591377215551743	0.2459476479270954	patient_within_study_equal_weight
CellPhoneDB p-value	balanced_auprc	GSE122960	4	0.6660217924039195	0.6681433640367314	0.037876007815880915	0.6222217597063802	0.7055786818358349	patient_within_study_equal_weight
CellPhoneDB p-value	balanced_auprc	GSE128033	8	0.6116405257734637	0.6149703670362551	0.01548319111230485	0.5857292361726325	0.6315644420079313	patient_within_study_equal_weight
CellPhoneDB p-value	balanced_auprc	GSE135893	12	0.5705730218256594	0.5531077188925364	0.05584941459218005	0.4948462041437975	0.665576114406463	patient_within_study_equal_weight
CellPhoneDB p-value	balanced_auprc	GSE136831	32	0.5787771145006796	0.5704781529200376	0.0511131452665644	0.5043158309861364	0.6979905259047036	patient_within_study_equal_weight
CellPhoneDB p-value	f1	GSE122960	4	0.25559737735090227	0.24591194968553456	0.1605568895511133	0.104639684106614	0.4259259259259259	patient_within_study_equal_weight
CellPhoneDB p-value	f1	GSE128033	8	0.13443704686503855	0.104639684106614	0.07568574567336632	0.104639684106614	0.320754716981132	patient_within_study_equal_weight
CellPhoneDB p-value	f1	GSE135893	12	0.10526761788540308	0.06799639395988274	0.09470612634190957	0.0273037542662116	0.3396226415094339	patient_within_study_equal_weight
CellPhoneDB p-value	f1	GSE136831	32	0.12352137833406318	0.09097351698946005	0.11278515897887954	0.0124223602484472	0.3962264150943396	patient_within_study_equal_weight
CellPhoneDB p-value	mcc	GSE122960	3	0.2724550135860417	0.321004347735641	0.1496450878268298	0.1045632377604998	0.3917974552619843	patient_within_study_equal_weight
CellPhoneDB p-value	mcc	GSE128033	2	0.1912543790947423	0.1912543790947423	0.12700917359152375	0.1014453311752765	0.2810634270142081	patient_within_study_equal_weight
CellPhoneDB p-value	mcc	GSE135893	12	-0.005169246285562438	-0.03331345450130795	0.14583184332370386	-0.2215646785370468	0.3010338873749246	patient_within_study_equal_weight
CellPhoneDB p-value	mcc	GSE136831	32	0.025640850915663302	-0.0241897151909035	0.1413642554220819	-0.1178077733788672	0.3609452684570739	patient_within_study_equal_weight
CellPhoneDB p-value	precision	GSE122960	4	0.22602355458445414	0.21535203341133258	0.18912754061126755	0.0552083333333333	0.4181818181818181	patient_within_study_equal_weight
CellPhoneDB p-value	precision	GSE128033	8	0.09000399098318568	0.0552083333333333	0.09334521424705952	0.0552083333333333	0.320754716981132	patient_within_study_equal_weight
CellPhoneDB p-value	precision	GSE135893	12	0.08139344803394664	0.043357535321821	0.10200220548412567	0.0166666666666666	0.3396226415094339	patient_within_study_equal_weight
CellPhoneDB p-value	precision	GSE136831	32	0.09556379990435694	0.051352572278911504	0.12226722553155951	0.0092592592592592	0.3962264150943396	patient_within_study_equal_weight
CellPhoneDB p-value	raw_positive_return_fraction	GSE122960	4	0.9669811320754718	1.0	0.0660377358490566	0.8679245283018868	1.0	patient_within_study_equal_weight
CellPhoneDB p-value	raw_positive_return_fraction	GSE128033	8	0.9929245283018868	1.0	0.02001245607131737	0.9433962264150944	1.0	patient_within_study_equal_weight
CellPhoneDB p-value	raw_positive_return_fraction	GSE135893	12	0.44496855345911945	0.28301886792452824	0.3509137313245979	0.0754716981132075	1.0	patient_within_study_equal_weight
CellPhoneDB p-value	raw_positive_return_fraction	GSE136831	32	0.40271226415094336	0.3396226415094339	0.2246129013530672	0.0188679245283018	0.7735849056603774	patient_within_study_equal_weight
CellPhoneDB p-value	sensitivity	GSE122960	4	0.6650943396226415	0.6509433962264151	0.3166121692127513	0.3584905660377358	1.0	patient_within_study_equal_weight
CellPhoneDB p-value	sensitivity	GSE128033	8	0.9080188679245282	1.0	0.23811579188776155	0.320754716981132	1.0	patient_within_study_equal_weight
CellPhoneDB p-value	sensitivity	GSE135893	12	0.3490566037735849	0.21698113207547165	0.2864288568141452	0.0754716981132075	0.9433962264150944	patient_within_study_equal_weight
CellPhoneDB p-value	sensitivity	GSE136831	32	0.347877358490566	0.3396226415094339	0.17212446980476312	0.0188679245283018	0.7735849056603774	patient_within_study_equal_weight
CellPhoneDB p-value	specificity	GSE122960	4	0.5689084895259097	0.6554575523704521	0.4774485138285997	0.0	0.9647188533627344	patient_within_study_equal_weight
CellPhoneDB p-value	specificity	GSE128033	8	0.15063395810363836	0.0	0.33818359509383256	0.0	0.960308710033076	patient_within_study_equal_weight
CellPhoneDB p-value	specificity	GSE135893	12	0.5988607129731717	0.6240352811466372	0.28110470764276196	0.2116868798235942	0.9614112458654906	patient_within_study_equal_weight
CellPhoneDB p-value	specificity	GSE136831	32	0.6523566703417861	0.6879823594266814	0.20495450126839068	0.1984564498346196	0.9647188533627344	patient_within_study_equal_weight
Connectome specificity	auroc	GSE122960	4	0.6941087141935887	0.6930269809240498	0.026559740889183846	0.6654531838322482	0.7249277110940068	patient_within_study_equal_weight
Connectome specificity	auroc	GSE128033	8	0.6229834515612324	0.6239832747394478	0.024374420608234627	0.5915208753718458	0.6723284308626822	patient_within_study_equal_weight
Connectome specificity	auroc	GSE135893	12	0.5101265142532226	0.4896871294543488	0.11778289074343558	0.3644817041459507	0.7213080651536269	patient_within_study_equal_weight
Connectome specificity	auroc	GSE136831	32	0.522061117929729	0.5244794158640345	0.06908595997927319	0.3914834307586695	0.6834369994383308	patient_within_study_equal_weight
Connectome specificity	average_precision	GSE122960	4	0.23633941135510883	0.2375660783815936	0.04964410992545282	0.177244722784427	0.2929807658728212	patient_within_study_equal_weight
Connectome specificity	average_precision	GSE128033	8	0.12818220887375464	0.11975020686462065	0.01831292466719611	0.1098098665195423	0.163527972595723	patient_within_study_equal_weight
Connectome specificity	average_precision	GSE135893	12	0.1396313546166574	0.13241499400772874	0.060489571578342734	0.0630935534591195	0.2622937666251171	patient_within_study_equal_weight
Connectome specificity	average_precision	GSE136831	32	0.13513950430997496	0.10959121093829666	0.06388997798003901	0.0588836477987421	0.3012244673753684	patient_within_study_equal_weight
Connectome specificity	balanced_auprc	GSE122960	4	0.6870426616973098	0.696402982245766	0.03882078164130609	0.6364128549701324	0.7189518273275745	patient_within_study_equal_weight
Connectome specificity	balanced_auprc	GSE128033	8	0.6099738171241611	0.6078004244672504	0.016270252317511055	0.5864592346856498	0.6411470093379593	patient_within_study_equal_weight
Connectome specificity	balanced_auprc	GSE135893	12	0.5806308734039813	0.5551249624226243	0.06448046776532423	0.4982752068601337	0.6919950476951938	patient_within_study_equal_weight
Connectome specificity	balanced_auprc	GSE136831	32	0.5820389237296479	0.5726140496649705	0.053315850456745736	0.5029613350653566	0.7078283810859765	patient_within_study_equal_weight
Connectome specificity	f1	GSE122960	4	0.3352201257861635	0.38679245283018865	0.13663295841684286	0.1333333333333333	0.4339622641509434	patient_within_study_equal_weight
Connectome specificity	f1	GSE128033	8	0.16723938998932844	0.11577161870305315	0.08123107879122554	0.104639684106614	0.2830188679245283	patient_within_study_equal_weight
Connectome specificity	f1	GSE135893	12	0.11155692606150373	0.06799639395988274	0.10841395815117172	0.0273037542662116	0.3773584905660377	patient_within_study_equal_weight
Connectome specificity	f1	GSE136831	32	0.12304747602406495	0.09097351698946005	0.11205518047279071	0.0124223602484472	0.3962264150943396	patient_within_study_equal_weight
Connectome specificity	mcc	GSE122960	4	0.30184237587310947	0.35096003827671574	0.13385718067157407	0.1045632377604998	0.4008861891785067	patient_within_study_equal_weight
Connectome specificity	mcc	GSE128033	4	0.1912253672428632	0.2111668157517006	0.062034699275040475	0.1014453311752765	0.2411225062927752	patient_within_study_equal_weight
Connectome specificity	mcc	GSE135893	12	0.0014875738346763745	-0.03331345450130795	0.15884204322369144	-0.2215646785370468	0.3409748080963575	patient_within_study_equal_weight
Connectome specificity	mcc	GSE136831	32	0.025149689522411346	-0.0241897151909035	0.14056601342125255	-0.1178077733788672	0.3609452684570739	patient_within_study_equal_weight
Connectome specificity	precision	GSE122960	4	0.3199401676490625	0.38679245283018865	0.16681925880243123	0.0722135007849293	0.4339622641509434	patient_within_study_equal_weight
Connectome specificity	precision	GSE128033	8	0.13516417180079576	0.061617772108843505	0.10737376297846059	0.0552083333333333	0.2830188679245283	patient_within_study_equal_weight
Connectome specificity	precision	GSE135893	12	0.08768275621004727	0.043357535321821	0.11626001147420532	0.0166666666666666	0.3773584905660377	patient_within_study_equal_weight
Connectome specificity	precision	GSE136831	32	0.09520347495676784	0.051352572278911504	0.12176656426896999	0.0092592592592592	0.3962264150943396	patient_within_study_equal_weight
Connectome specificity	raw_positive_return_fraction	GSE122960	4	0.9669811320754718	1.0	0.0660377358490566	0.8679245283018868	1.0	patient_within_study_equal_weight
Connectome specificity	raw_positive_return_fraction	GSE128033	8	0.9929245283018868	1.0	0.02001245607131737	0.9433962264150944	1.0	patient_within_study_equal_weight
Connectome specificity	raw_positive_return_fraction	GSE135893	12	0.44496855345911945	0.28301886792452824	0.3509137313245979	0.0754716981132075	1.0	patient_within_study_equal_weight
Connectome specificity	raw_positive_return_fraction	GSE136831	32	0.40271226415094336	0.3396226415094339	0.2246129013530672	0.0188679245283018	0.7735849056603774	patient_within_study_equal_weight
Connectome specificity	sensitivity	GSE122960	4	0.5188679245283019	0.41509433962264153	0.23389124505392522	0.3773584905660377	0.8679245283018868	patient_within_study_equal_weight
Connectome specificity	sensitivity	GSE128033	8	0.7169811320754716	0.9716981132075472	0.3756023828160764	0.2452830188679245	1.0	patient_within_study_equal_weight
Connectome specificity	sensitivity	GSE135893	12	0.3553459119496855	0.23584905660377353	0.28544793319055267	0.0754716981132075	0.9433962264150944	patient_within_study_equal_weight
Connectome specificity	sensitivity	GSE136831	32	0.34728773584905653	0.3396226415094339	0.172252646011721	0.0188679245283018	0.7735849056603774	patient_within_study_equal_weight
Connectome specificity	specificity	GSE122960	4	0.8109151047409041	0.964167585446527	0.308345587366523	0.3484013230429989	0.9669239250275634	patient_within_study_equal_weight
Connectome specificity	specificity	GSE128033	8	0.389470782800441	0.1223814773980154	0.47718890250745677	0.0	0.958103638368247	patient_within_study_equal_weight
Connectome specificity	specificity	GSE135893	12	0.5992282249173098	0.6240352811466372	0.2816187001592526	0.2116868798235942	0.9636163175303196	patient_within_study_equal_weight
Connectome specificity	specificity	GSE136831	32	0.6523566703417861	0.6879823594266814	0.20495526655735674	0.1984564498346196	0.9647188533627344	patient_within_study_equal_weight
LIANA magnitude consensus	auroc	GSE122960	4	0.6911989557113436	0.6878367414865512	0.02549345575348729	0.6655155915208754	0.7236067483513969	patient_within_study_equal_weight
LIANA magnitude consensus	auroc	GSE128033	8	0.622540096939943	0.6241080901167024	0.024371574272773124	0.5911464292400824	0.6712675001560192	patient_within_study_equal_weight
LIANA magnitude consensus	auroc	GSE135893	12	0.509140126063531	0.4894531006219966	0.11698666639578235	0.362983919618897	0.7215368933452602	patient_within_study_equal_weight
LIANA magnitude consensus	auroc	GSE136831	32	0.5217955602130182	0.5243754030496557	0.06875183026466244	0.3917538640760541	0.682272055917289	patient_within_study_equal_weight
LIANA magnitude consensus	average_precision	GSE122960	4	0.18944881363998842	0.18135828094390766	0.03544436693268924	0.1591650936247582	0.2359135990473802	patient_within_study_equal_weight
LIANA magnitude consensus	average_precision	GSE128033	8	0.11759255237966366	0.1188801995553512	0.009496471664135022	0.1061639414162498	0.1347753605447034	patient_within_study_equal_weight
LIANA magnitude consensus	average_precision	GSE135893	12	0.11732836208365621	0.1114032979599017	0.04082862703940237	0.0621501572327044	0.2111752022971253	patient_within_study_equal_weight
LIANA magnitude consensus	average_precision	GSE136831	32	0.12432007059201156	0.10766240280563345	0.05060997521681756	0.0573113207547169	0.2552835257826503	patient_within_study_equal_weight
LIANA magnitude consensus	balanced_auprc	GSE122960	4	0.6739400799765229	0.6734407069992518	0.030423658881060054	0.6394477328219679	0.7094311730856202	patient_within_study_equal_weight
LIANA magnitude consensus	balanced_auprc	GSE128033	8	0.6079594223942304	0.6103352370044459	0.016146087341874817	0.5833843158937498	0.6327852707910396	patient_within_study_equal_weight
LIANA magnitude consensus	balanced_auprc	GSE135893	12	0.5765458637086077	0.5553476706843522	0.06131875325944798	0.4970419914890403	0.6975289191396234	patient_within_study_equal_weight
LIANA magnitude consensus	balanced_auprc	GSE136831	32	0.580314215836567	0.5683153001580539	0.051030311391630695	0.5054874450991007	0.7029590883656479	patient_within_study_equal_weight
LIANA magnitude consensus	f1	GSE122960	4	0.3022012578616352	0.33962264150943394	0.119729994353139	0.1333333333333333	0.3962264150943396	patient_within_study_equal_weight
LIANA magnitude consensus	f1	GSE128033	8	0.16959788055536618	0.11577161870305315	0.08524749915755728	0.104639684106614	0.3018867924528302	patient_within_study_equal_weight
LIANA magnitude consensus	f1	GSE135893	12	0.10055063675332764	0.06799639395988274	0.0837767468010657	0.0273037542662116	0.3018867924528302	patient_within_study_equal_weight
LIANA magnitude consensus	f1	GSE136831	32	0.11950974017500834	0.09097351698946005	0.10458811465187923	0.0124223602484472	0.3773584905660377	patient_within_study_equal_weight
LIANA magnitude consensus	mcc	GSE122960	4	0.26689407024185574	0.3010338873749246	0.1165025544551401	0.1045632377604998	0.3609452684570739	patient_within_study_equal_weight
LIANA magnitude consensus	mcc	GSE128033	4	0.19621798233304233	0.2111668157517006	0.06791407287329379	0.1014453311752765	0.2610929666534917	patient_within_study_equal_weight
LIANA magnitude consensus	mcc	GSE135893	12	-0.010161861375741554	-0.03331345450130795	0.1358238369026515	-0.2215646785370468	0.2610929666534917	patient_within_study_equal_weight
LIANA magnitude consensus	mcc	GSE136831	32	0.021405228204777017	-0.0241897151909035	0.1326117549992218	-0.1178077733788672	0.3409748080963575	patient_within_study_equal_weight
LIANA magnitude consensus	precision	GSE122960	4	0.2869212997245342	0.33962264150943394	0.14882864714317096	0.0722135007849293	0.3962264150943396	patient_within_study_equal_weight
LIANA magnitude consensus	precision	GSE128033	8	0.1375226623668335	0.061617772108843505	0.11122358182785483	0.0552083333333333	0.3018867924528302	patient_within_study_equal_weight
LIANA magnitude consensus	precision	GSE135893	12	0.07667646690187117	0.043357535321821	0.09059823160373615	0.0166666666666666	0.3018867924528302	patient_within_study_equal_weight
LIANA magnitude consensus	precision	GSE136831	32	0.09166573910771124	0.051352572278911504	0.11404403467400474	0.0092592592592592	0.3773584905660377	patient_within_study_equal_weight
LIANA magnitude consensus	raw_positive_return_fraction	GSE122960	4	0.9669811320754718	1.0	0.0660377358490566	0.8679245283018868	1.0	patient_within_study_equal_weight
LIANA magnitude consensus	raw_positive_return_fraction	GSE128033	8	0.9929245283018868	1.0	0.02001245607131737	0.9433962264150944	1.0	patient_within_study_equal_weight
LIANA magnitude consensus	raw_positive_return_fraction	GSE135893	12	0.44496855345911945	0.28301886792452824	0.3509137313245979	0.0754716981132075	1.0	patient_within_study_equal_weight
LIANA magnitude consensus	raw_positive_return_fraction	GSE136831	32	0.40271226415094336	0.3396226415094339	0.2246129013530672	0.0188679245283018	0.7735849056603774	patient_within_study_equal_weight
LIANA magnitude consensus	sensitivity	GSE122960	4	0.4858490566037736	0.38679245283018865	0.25795749100397275	0.3018867924528302	0.8679245283018868	patient_within_study_equal_weight
LIANA magnitude consensus	sensitivity	GSE128033	8	0.7193396226415094	0.9716981132075472	0.37253487163668775	0.2452830188679245	1.0	patient_within_study_equal_weight
LIANA magnitude consensus	sensitivity	GSE135893	12	0.3443396226415094	0.2075471698113207	0.28740174061763935	0.0754716981132075	0.9433962264150944	patient_within_study_equal_weight
LIANA magnitude consensus	sensitivity	GSE136831	32	0.34374999999999994	0.3396226415094339	0.1723109710722043	0.0188679245283018	0.7735849056603774	patient_within_study_equal_weight
LIANA magnitude consensus	specificity	GSE122960	4	0.8089856670341786	0.9614112458654906	0.3070654664725668	0.3484013230429989	0.9647188533627344	patient_within_study_equal_weight
LIANA magnitude consensus	specificity	GSE128033	8	0.38960859977949286	0.1223814773980154	0.47737671266569	0.0	0.9592061742006616	patient_within_study_equal_weight
LIANA magnitude consensus	specificity	GSE135893	12	0.598585079015068	0.6240352811466372	0.2807194321765353	0.2116868798235942	0.9592061742006616	patient_within_study_equal_weight
LIANA magnitude consensus	specificity	GSE136831	32	0.6521499448732083	0.6879823594266814	0.20463293465801777	0.1984564498346196	0.9636163175303196	patient_within_study_equal_weight
LIANA specificity consensus	auroc	GSE122960	4	0.6932662103971209	0.6911651515466706	0.026364675010940773	0.6653907761436209	0.7253437623515218	patient_within_study_equal_weight
LIANA specificity consensus	auroc	GSE128033	8	0.622809230097148	0.6239416696136963	0.02441123832712139	0.5912920471802126	0.6716731501320963	patient_within_study_equal_weight
LIANA specificity consensus	auroc	GSE135893	12	0.5098595480296505	0.48970273137650555	0.11753757084044515	0.3638472259782405	0.7207463959559818	patient_within_study_equal_weight
LIANA specificity consensus	auroc	GSE136831	32	0.5221674060244221	0.5244794158640345	0.06903847596505489	0.3914418256329179	0.6837698404443427	patient_within_study_equal_weight
LIANA specificity consensus	average_precision	GSE122960	4	0.21576528137562323	0.21010853643254657	0.04716103228352991	0.1652911195988593	0.2775529330385405	patient_within_study_equal_weight
LIANA specificity consensus	average_precision	GSE128033	8	0.11949189252998674	0.11952617235037119	0.012234705425347728	0.1046662655605617	0.1423577940556374	patient_within_study_equal_weight
LIANA specificity consensus	average_precision	GSE135893	12	0.12849269119561013	0.11923872678515329	0.050368517392341584	0.062101777939042	0.206966388821469	patient_within_study_equal_weight
LIANA specificity consensus	average_precision	GSE136831	32	0.12962099482151374	0.11800872966761114	0.05514355103879944	0.0574306236216613	0.2818449592376918	patient_within_study_equal_weight
LIANA specificity consensus	balanced_auprc	GSE122960	4	0.6820785656635535	0.687239726400823	0.03820191377873167	0.6361114988799503	0.7177233109726177	patient_within_study_equal_weight
LIANA specificity consensus	balanced_auprc	GSE128033	8	0.6072827696096383	0.6061783312503712	0.01669045834045353	0.584206765980351	0.6342386309217454	patient_within_study_equal_weight
LIANA specificity consensus	balanced_auprc	GSE135893	12	0.5790465777479534	0.5535309661721848	0.06380340816352875	0.4992686821683139	0.69281655136847	patient_within_study_equal_weight
LIANA specificity consensus	balanced_auprc	GSE136831	32	0.5817170050680671	0.5737058170373908	0.05238699597925398	0.5020453611349948	0.7080982563418385	patient_within_study_equal_weight
LIANA specificity consensus	f1	GSE122960	4	0.31163522012578615	0.3396226415094339	0.1278463364057343	0.1333333333333333	0.4339622641509434	patient_within_study_equal_weight
LIANA specificity consensus	f1	GSE128033	8	0.17195637112140388	0.11577161870305315	0.08958115710153888	0.104639684106614	0.320754716981132	patient_within_study_equal_weight
LIANA specificity consensus	f1	GSE135893	12	0.10683994492942826	0.06799639395988274	0.09736141017255275	0.0273037542662116	0.3396226415094339	patient_within_study_equal_weight
LIANA specificity consensus	f1	GSE136831	32	0.12363709866557437	0.09097351698946005	0.11307160087608893	0.0124223602484472	0.3962264150943396	patient_within_study_equal_weight
LIANA specificity consensus	mcc	GSE122960	4	0.2768793004222139	0.30103388737492454	0.12521323229595369	0.1045632377604998	0.4008861891785067	patient_within_study_equal_weight
LIANA specificity consensus	mcc	GSE128033	4	0.20121059742322145	0.2111668157517006	0.07467093355411386	0.1014453311752765	0.2810634270142081	patient_within_study_equal_weight
LIANA specificity consensus	mcc	GSE135893	12	-0.003505041255502736	-0.03331345450130795	0.14849047057318793	-0.2215646785370468	0.3010338873749246	patient_within_study_equal_weight
LIANA specificity consensus	mcc	GSE136831	32	0.025773766408683736	-0.0241897151909035	0.14168719248177605	-0.1178077733788672	0.3609452684570739	patient_within_study_equal_weight
LIANA specificity consensus	precision	GSE122960	4	0.2963552619886851	0.3396226415094339	0.15666455201353163	0.0722135007849293	0.4339622641509434	patient_within_study_equal_weight
LIANA specificity consensus	precision	GSE128033	8	0.13988115293287123	0.061617772108843505	0.11533102348059615	0.0552083333333333	0.320754716981132	patient_within_study_equal_weight
LIANA specificity consensus	precision	GSE135893	12	0.0829657750779718	0.043357535321821	0.1048634581014029	0.0166666666666666	0.3396226415094339	patient_within_study_equal_weight
LIANA specificity consensus	precision	GSE136831	32	0.09579309759827728	0.051352572278911504	0.12284060291787002	0.0092592592592592	0.3962264150943396	patient_within_study_equal_weight
LIANA specificity consensus	raw_positive_return_fraction	GSE122960	4	0.9669811320754718	1.0	0.0660377358490566	0.8679245283018868	1.0	patient_within_study_equal_weight
LIANA specificity consensus	raw_positive_return_fraction	GSE128033	8	0.9929245283018868	1.0	0.02001245607131737	0.9433962264150944	1.0	patient_within_study_equal_weight
LIANA specificity consensus	raw_positive_return_fraction	GSE135893	12	0.44496855345911945	0.28301886792452824	0.3509137313245979	0.0754716981132075	1.0	patient_within_study_equal_weight
LIANA specificity consensus	raw_positive_return_fraction	GSE136831	32	0.40271226415094336	0.3396226415094339	0.2246129013530672	0.0188679245283018	0.7735849056603774	patient_within_study_equal_weight
LIANA specificity consensus	sensitivity	GSE122960	4	0.49528301886792453	0.39622641509433965	0.25284661544308423	0.320754716981132	0.8679245283018868	patient_within_study_equal_weight
LIANA specificity consensus	sensitivity	GSE128033	8	0.7216981132075472	0.9716981132075472	0.36956232334697464	0.2452830188679245	1.0	patient_within_study_equal_weight
LIANA specificity consensus	sensitivity	GSE135893	12	0.35062893081761004	0.2264150943396226	0.28585863287270674	0.0754716981132075	0.9433962264150944	patient_within_study_equal_weight
LIANA specificity consensus	sensitivity	GSE136831	32	0.347877358490566	0.3396226415094339	0.17212446980476312	0.0188679245283018	0.7735849056603774	patient_within_study_equal_weight
LIANA specificity consensus	specificity	GSE122960	4	0.8095369349503859	0.9614112458654906	0.30743604268050784	0.3484013230429989	0.9669239250275634	patient_within_study_equal_weight
LIANA specificity consensus	specificity	GSE128033	8	0.38974641675854466	0.1223814773980154	0.47756476713744883	0.0	0.960308710033076	patient_within_study_equal_weight
LIANA specificity consensus	specificity	GSE135893	12	0.5989525909592062	0.6240352811466372	0.281232164135737	0.2116868798235942	0.9614112458654906	patient_within_study_equal_weight
LIANA specificity consensus	specificity	GSE136831	32	0.652391124586549	0.6879823594266814	0.20500859956172574	0.1984564498346196	0.9647188533627344	patient_within_study_equal_weight
NATMI specificity	auroc	GSE122960	4	0.6925901271036592	0.6909051195107236	0.02529745892447921	0.6654947889579996	0.7230554804351896	patient_within_study_equal_weight
NATMI specificity	auroc	GSE128033	8	0.6230848640552517	0.6243161157454598	0.024574426812987122	0.5915000728089701	0.6723492334255581	patient_within_study_equal_weight
NATMI specificity	auroc	GSE135893	12	0.5090023090844792	0.4896195211250026	0.1170530995651163	0.3625886709242579	0.7211000395248695	patient_within_study_equal_weight
NATMI specificity	auroc	GSE136831	32	0.5223091234840133	0.5248434607143599	0.06907957325302613	0.3914834307586695	0.6839986686359759	patient_within_study_equal_weight
NATMI specificity	average_precision	GSE122960	4	0.21949929717011113	0.22084642784311176	0.028033157867139055	0.1863642196397729	0.2499401133544481	patient_within_study_equal_weight
NATMI specificity	average_precision	GSE128033	8	0.13199756484297373	0.1324528571446583	0.015807210661591138	0.1028618670911717	0.1542824969479995	patient_within_study_equal_weight
NATMI specificity	average_precision	GSE135893	12	0.1184816143408791	0.10747039594449825	0.04944123620614069	0.0563264997581035	0.2114803862842438	patient_within_study_equal_weight
NATMI specificity	average_precision	GSE136831	32	0.1426300160377312	0.13294181730342855	0.06171487776789998	0.0573795740423098	0.3184264003256224	patient_within_study_equal_weight
NATMI specificity	balanced_auprc	GSE122960	4	0.682604549122183	0.6885132306820725	0.03162314386825493	0.6422044810235135	0.7111872541010736	patient_within_study_equal_weight
NATMI specificity	balanced_auprc	GSE128033	8	0.6113598151174848	0.6120632592523656	0.0188267307668464	0.5860393128883695	0.6452428684403246	patient_within_study_equal_weight
NATMI specificity	balanced_auprc	GSE135893	12	0.5754006713984734	0.5513604881441222	0.063387080521015	0.4918533996393847	0.6945693995481597	patient_within_study_equal_weight
NATMI specificity	balanced_auprc	GSE136831	32	0.5836059465525085	0.57542234666606	0.05341714667629451	0.5013165180564982	0.7090763458297676	patient_within_study_equal_weight
NATMI specificity	f1	GSE122960	4	0.31163522012578615	0.35849056603773577	0.12407802463108847	0.1333333333333333	0.3962264150943396	patient_within_study_equal_weight
NATMI specificity	f1	GSE128033	8	0.17195637112140388	0.11577161870305315	0.08958115710153888	0.104639684106614	0.320754716981132	patient_within_study_equal_weight
NATMI specificity	f1	GSE135893	12	0.10055063675332764	0.06799639395988274	0.08260969835989125	0.0273037542662116	0.2830188679245283	patient_within_study_equal_weight
NATMI specificity	f1	GSE136831	32	0.12304747602406495	0.09097351698946005	0.11205518047279071	0.0124223602484472	0.3962264150943396	patient_within_study_equal_weight
NATMI specificity	mcc	GSE122960	4	0.2768793004222139	0.321004347735641	0.12089183365009928	0.1045632377604998	0.3609452684570739	patient_within_study_equal_weight
NATMI specificity	mcc	GSE128033	4	0.20121059742322145	0.2111668157517006	0.07467093355411386	0.1014453311752765	0.2810634270142081	patient_within_study_equal_weight
NATMI specificity	mcc	GSE135893	12	-0.010161861375741554	-0.03331345450130795	0.13502065352396517	-0.2215646785370468	0.2411225062927752	patient_within_study_equal_weight
NATMI specificity	mcc	GSE136831	32	0.025149689522411346	-0.0241897151909035	0.14056601342125255	-0.1178077733788672	0.3609452684570739	patient_within_study_equal_weight
NATMI specificity	precision	GSE122960	4	0.2963552619886851	0.35849056603773577	0.15360485774084542	0.0722135007849293	0.3962264150943396	patient_within_study_equal_weight
NATMI specificity	precision	GSE128033	8	0.13988115293287123	0.061617772108843505	0.11533102348059615	0.0552083333333333	0.320754716981132	patient_within_study_equal_weight
NATMI specificity	precision	GSE135893	12	0.07667646690187117	0.043357535321821	0.08952015710590863	0.0166666666666666	0.2830188679245283	patient_within_study_equal_weight
NATMI specificity	precision	GSE136831	32	0.09520347495676784	0.051352572278911504	0.12176656426896999	0.0092592592592592	0.3962264150943396	patient_within_study_equal_weight
NATMI specificity	raw_positive_return_fraction	GSE122960	4	0.9669811320754718	1.0	0.0660377358490566	0.8679245283018868	1.0	patient_within_study_equal_weight
NATMI specificity	raw_positive_return_fraction	GSE128033	8	0.9929245283018868	1.0	0.02001245607131737	0.9433962264150944	1.0	patient_within_study_equal_weight
NATMI specificity	raw_positive_return_fraction	GSE135893	12	0.44496855345911945	0.28301886792452824	0.3509137313245979	0.0754716981132075	1.0	patient_within_study_equal_weight
NATMI specificity	raw_positive_return_fraction	GSE136831	32	0.40271226415094336	0.3396226415094339	0.2246129013530672	0.0188679245283018	0.7735849056603774	patient_within_study_equal_weight
NATMI specificity	sensitivity	GSE122960	4	0.4952830188679245	0.3962264150943396	0.25096231072614816	0.320754716981132	0.8679245283018868	patient_within_study_equal_weight
NATMI specificity	sensitivity	GSE128033	8	0.7216981132075472	0.9716981132075472	0.36956232334697464	0.2452830188679245	1.0	patient_within_study_equal_weight
NATMI specificity	sensitivity	GSE135893	12	0.3443396226415094	0.21698113207547165	0.2870637202235615	0.0754716981132075	0.9433962264150944	patient_within_study_equal_weight
NATMI specificity	sensitivity	GSE136831	32	0.34728773584905653	0.3396226415094339	0.172252646011721	0.0188679245283018	0.7735849056603774	patient_within_study_equal_weight
NATMI specificity	specificity	GSE122960	4	0.8095369349503859	0.9625137816979052	0.30743077070838737	0.3484013230429989	0.9647188533627344	patient_within_study_equal_weight
NATMI specificity	specificity	GSE128033	8	0.38974641675854466	0.1223814773980154	0.47756476713744883	0.0	0.960308710033076	patient_within_study_equal_weight
NATMI specificity	specificity	GSE135893	12	0.598585079015068	0.6240352811466372	0.2807182511968362	0.2116868798235942	0.958103638368247	patient_within_study_equal_weight
NATMI specificity	specificity	GSE136831	32	0.6523566703417861	0.6879823594266814	0.20495526655735674	0.1984564498346196	0.9647188533627344	patient_within_study_equal_weight
SingleCellSignalR LRscore	auroc	GSE122960	4	0.6919634498970273	0.6890744939776581	0.025886557696088632	0.6655155915208754	0.7241892201119178	patient_within_study_equal_weight
SingleCellSignalR LRscore	auroc	GSE128033	8	0.614627322086081	0.6167127790143745	0.014848720373890902	0.5910632189885794	0.6339997087641197	patient_within_study_equal_weight
SingleCellSignalR LRscore	auroc	GSE135893	12	0.5816708618501799	0.5670206569449356	0.05632830264175623	0.5049926150901791	0.6808262777974247	patient_within_study_equal_weight
SingleCellSignalR LRscore	auroc	GSE136831	32	0.5593610882860769	0.5643267250525265	0.06993002070782073	0.3935428844833683	0.680306213725531	patient_within_study_equal_weight
SingleCellSignalR LRscore	average_precision	GSE122960	4	0.19610381012573627	0.18412289423727896	0.040057930562592936	0.1634825107418504	0.2526869412865368	patient_within_study_equal_weight
SingleCellSignalR LRscore	average_precision	GSE128033	8	0.11819541317839255	0.1165122910677338	0.011442919815964056	0.1049709556268226	0.135181930521348	patient_within_study_equal_weight
SingleCellSignalR LRscore	average_precision	GSE135893	12	0.11960634079166726	0.11661653410950609	0.03893401007233631	0.0655767581475128	0.1997552220425839	patient_within_study_equal_weight
SingleCellSignalR LRscore	average_precision	GSE136831	32	0.12704319164152478	0.1091353483819274	0.052893521803602864	0.0573113207547169	0.2745109198703667	patient_within_study_equal_weight
SingleCellSignalR LRscore	balanced_auprc	GSE122960	4	0.6748944027654715	0.6726676760834611	0.03194137467791664	0.6393711957637214	0.7148710631312428	patient_within_study_equal_weight
SingleCellSignalR LRscore	balanced_auprc	GSE128033	8	0.6031123721513959	0.6022351462687932	0.011536145373757852	0.582721033683298	0.618029993608335	patient_within_study_equal_weight
SingleCellSignalR LRscore	balanced_auprc	GSE135893	12	0.5809254073920317	0.5664694189458339	0.050687500286365365	0.5170754716981133	0.6666652239503127	patient_within_study_equal_weight
SingleCellSignalR LRscore	balanced_auprc	GSE136831	32	0.5824649682676472	0.569037521474663	0.04923849367307376	0.5046151132449777	0.6853093450611513	patient_within_study_equal_weight
SingleCellSignalR LRscore	f1	GSE122960	4	0.3069182389937107	0.33962264150943394	0.12492788948865546	0.1333333333333333	0.4150943396226415	patient_within_study_equal_weight
SingleCellSignalR LRscore	f1	GSE128033	8	0.1668148969062564	0.104639684106614	0.08718187435342725	0.104639684106614	0.3018867924528302	patient_within_study_equal_weight
SingleCellSignalR LRscore	f1	GSE135893	12	0.13122489398821607	0.104639684106614	0.06414074841172304	0.104639684106614	0.3018867924528302	patient_within_study_equal_weight
SingleCellSignalR LRscore	f1	GSE136831	32	0.12970108775330294	0.104639684106614	0.10179114589775141	0.0124223602484472	0.3773584905660377	patient_within_study_equal_weight
SingleCellSignalR LRscore	mcc	GSE122960	4	0.2718866853320348	0.3010338873749246	0.12216674602178317	0.1045632377604998	0.3809157288177903	patient_within_study_equal_weight
SingleCellSignalR LRscore	mcc	GSE128033	3	0.22780886605229764	0.2211520459320588	0.030505382088699386	0.2011815855713424	0.2610929666534917	patient_within_study_equal_weight
SingleCellSignalR LRscore	mcc	GSE135893	2	0.22115204593205878	0.22115204593205878	0.056484991777918984	0.1812111252106259	0.2610929666534917	patient_within_study_equal_weight
SingleCellSignalR LRscore	mcc	GSE136831	16	0.068896645933708	-0.0089012262461012	0.17494567775002356	-0.1128103217210598	0.3409748080963575	patient_within_study_equal_weight
SingleCellSignalR LRscore	precision	GSE122960	4	0.29163828085660964	0.33962264150943394	0.15366806098222818	0.0722135007849293	0.4150943396226415	patient_within_study_equal_weight
SingleCellSignalR LRscore	precision	GSE128033	8	0.13592030267295596	0.0552083333333333	0.11245334690890119	0.0552083333333333	0.3018867924528302	patient_within_study_equal_weight
SingleCellSignalR LRscore	precision	GSE135893	12	0.09003210167714881	0.0552083333333333	0.08290722038293453	0.0552083333333333	0.3018867924528302	patient_within_study_equal_weight
SingleCellSignalR LRscore	precision	GSE136831	32	0.09559922099430761	0.0552083333333333	0.11377216117669751	0.0092592592592592	0.3773584905660377	patient_within_study_equal_weight
SingleCellSignalR LRscore	raw_positive_return_fraction	GSE122960	4	0.5613207547169812	0.490566037735849	0.20918450779324013	0.3962264150943396	0.8679245283018868	patient_within_study_equal_weight
SingleCellSignalR LRscore	raw_positive_return_fraction	GSE128033	8	0.2665094339622641	0.27358490566037735	0.03410795346319073	0.2075471698113207	0.320754716981132	patient_within_study_equal_weight
SingleCellSignalR LRscore	raw_positive_return_fraction	GSE135893	12	0.19496855345911945	0.160377358490566	0.1254999602762603	0.0377358490566037	0.4150943396226415	patient_within_study_equal_weight
SingleCellSignalR LRscore	raw_positive_return_fraction	GSE136831	32	0.2553066037735849	0.21698113207547165	0.1823014831929634	0.0188679245283018	0.7735849056603774	patient_within_study_equal_weight
SingleCellSignalR LRscore	sensitivity	GSE122960	4	0.49056603773584906	0.3962264150943396	0.2559369804952932	0.3018867924528302	0.8679245283018868	patient_within_study_equal_weight
SingleCellSignalR LRscore	sensitivity	GSE128033	8	0.7264150943396226	1.0	0.3778971896134099	0.2452830188679245	1.0	patient_within_study_equal_weight
SingleCellSignalR LRscore	sensitivity	GSE135893	12	0.8773584905660377	1.0	0.28688045954915614	0.2264150943396226	1.0	patient_within_study_equal_weight
SingleCellSignalR LRscore	sensitivity	GSE136831	32	0.6527122641509434	0.8867924528301887	0.3775671782967135	0.0188679245283018	1.0	patient_within_study_equal_weight
SingleCellSignalR LRscore	specificity	GSE122960	4	0.8092613009922822	0.9614112458654906	0.3072522940654461	0.3484013230429989	0.9658213891951488	patient_within_study_equal_weight
SingleCellSignalR LRscore	specificity	GSE128033	8	0.359013230429989	0.0	0.49548614910940986	0.0	0.9592061742006616	patient_within_study_equal_weight
SingleCellSignalR LRscore	specificity	GSE135893	12	0.15950018375597205	0.0	0.3725133605625228	0.0	0.9592061742006616	patient_within_study_equal_weight
SingleCellSignalR LRscore	specificity	GSE136831	32	0.36962513781697903	0.0992282249173098	0.4082700373050352	0.0	0.9636163175303196	patient_within_study_equal_weight
logFC specificity	auroc	GSE122960	4	0.6918594370826485	0.6897661791932765	0.025120268826947886	0.6653491710178694	0.7225562189261717	patient_within_study_equal_weight
logFC specificity	auroc	GSE128033	8	0.6223931788396331	0.6237128414220632	0.024444231957872247	0.5910424164257037	0.6714131180961495	patient_within_study_equal_weight
logFC specificity	auroc	GSE135893	12	0.509278809816036	0.48966632689147305	0.11714037958767805	0.3634831811279149	0.7206215805787273	patient_within_study_equal_weight
logFC specificity	auroc	GSE136831	32	0.5217767078904121	0.5240009569178923	0.06885155480736939	0.3914210230700422	0.6834786045640823	patient_within_study_equal_weight
logFC specificity	average_precision	GSE122960	4	0.20045775875932476	0.19429414222022573	0.029200809155569076	0.1754956948977742	0.2377470556990733	patient_within_study_equal_weight
logFC specificity	average_precision	GSE128033	8	0.11597791004030866	0.1130072240701871	0.012985707289390818	0.0991831785547514	0.1402316309758136	patient_within_study_equal_weight
logFC specificity	average_precision	GSE135893	12	0.1160646391920741	0.11136317191471355	0.04083702518062845	0.0577965470064526	0.1888963852096211	patient_within_study_equal_weight
logFC specificity	average_precision	GSE136831	32	0.12458270733518867	0.10951449691462614	0.05282198363515766	0.0578798599199542	0.2851110624159279	patient_within_study_equal_weight
logFC specificity	balanced_auprc	GSE122960	4	0.6791461266450425	0.6828845727839467	0.035792343066281145	0.6343044157822857	0.716510945229991	patient_within_study_equal_weight
logFC specificity	balanced_auprc	GSE128033	8	0.6066304184999077	0.6096262697854423	0.01721103166557974	0.5817089304825154	0.6334793941292279	patient_within_study_equal_weight
logFC specificity	balanced_auprc	GSE135893	12	0.5751912524409367	0.5521758965618575	0.06129851683400967	0.4976266585993267	0.6895988965991496	patient_within_study_equal_weight
logFC specificity	balanced_auprc	GSE136831	32	0.5796613814171171	0.5671291543803261	0.05198115536313175	0.5034348748636823	0.7036278631233229	patient_within_study_equal_weight
logFC specificity	f1	GSE122960	4	0.29276729559748427	0.330188679245283	0.11102187785854288	0.1333333333333333	0.3773584905660377	patient_within_study_equal_weight
logFC specificity	f1	GSE128033	8	0.16959788055536618	0.11577161870305315	0.08524749915755728	0.104639684106614	0.3018867924528302	patient_within_study_equal_weight
logFC specificity	f1	GSE135893	12	0.10683994492942826	0.06799639395988274	0.09736141017255275	0.0273037542662116	0.3396226415094339	patient_within_study_equal_weight
logFC specificity	f1	GSE136831	32	0.12304747602406495	0.09097351698946005	0.11174730654738417	0.0124223602484472	0.3962264150943396	patient_within_study_equal_weight
logFC specificity	mcc	GSE122960	4	0.2569088400614975	0.29104865719456635	0.10708565192006488	0.1045632377604998	0.3409748080963575	patient_within_study_equal_weight
logFC specificity	mcc	GSE128033	4	0.19621798233304233	0.2111668157517006	0.06791407287329379	0.1014453311752765	0.2610929666534917	patient_within_study_equal_weight
logFC specificity	mcc	GSE135893	12	-0.003505041255502736	-0.03331345450130795	0.14849047057318793	-0.2215646785370468	0.3010338873749246	patient_within_study_equal_weight
logFC specificity	mcc	GSE136831	32	0.025149689522411346	-0.0241897151909035	0.14029117327686066	-0.1178077733788672	0.3609452684570739	patient_within_study_equal_weight
logFC specificity	precision	GSE122960	4	0.27748733746038323	0.330188679245283	0.14055657424443876	0.0722135007849293	0.3773584905660377	patient_within_study_equal_weight
logFC specificity	precision	GSE128033	8	0.1375226623668335	0.061617772108843505	0.11122358182785483	0.0552083333333333	0.3018867924528302	patient_within_study_equal_weight
logFC specificity	precision	GSE135893	12	0.0829657750779718	0.043357535321821	0.1048634581014029	0.0166666666666666	0.3396226415094339	patient_within_study_equal_weight
logFC specificity	precision	GSE136831	32	0.09520347495676784	0.051352572278911504	0.12148330430011585	0.0092592592592592	0.3962264150943396	patient_within_study_equal_weight
logFC specificity	raw_positive_return_fraction	GSE122960	4	0.9669811320754718	1.0	0.0660377358490566	0.8679245283018868	1.0	patient_within_study_equal_weight
logFC specificity	raw_positive_return_fraction	GSE128033	8	0.9929245283018868	1.0	0.02001245607131737	0.9433962264150944	1.0	patient_within_study_equal_weight
logFC specificity	raw_positive_return_fraction	GSE135893	12	0.44496855345911945	0.28301886792452824	0.3509137313245979	0.0754716981132075	1.0	patient_within_study_equal_weight
logFC specificity	raw_positive_return_fraction	GSE136831	32	0.40271226415094336	0.3396226415094339	0.2246129013530672	0.0188679245283018	0.7735849056603774	patient_within_study_equal_weight
logFC specificity	sensitivity	GSE122960	4	0.47641509433962265	0.36792452830188677	0.2629690540521954	0.3018867924528302	0.8679245283018868	patient_within_study_equal_weight
logFC specificity	sensitivity	GSE128033	8	0.7193396226415094	0.9716981132075472	0.37253487163668775	0.2452830188679245	1.0	patient_within_study_equal_weight
logFC specificity	sensitivity	GSE135893	12	0.35062893081761004	0.2264150943396226	0.28585863287270674	0.0754716981132075	0.9433962264150944	patient_within_study_equal_weight
logFC specificity	sensitivity	GSE136831	32	0.34728773584905653	0.3396226415094339	0.17205252427048146	0.0188679245283018	0.7735849056603774	patient_within_study_equal_weight
logFC specificity	specificity	GSE122960	4	0.8084343991179713	0.9608599779492835	0.3066944425009671	0.3484013230429989	0.9636163175303196	patient_within_study_equal_weight
logFC specificity	specificity	GSE128033	8	0.38960859977949286	0.1223814773980154	0.47737671266569	0.0	0.9592061742006616	patient_within_study_equal_weight
logFC specificity	specificity	GSE135893	12	0.5989525909592062	0.6240352811466372	0.281232164135737	0.2116868798235942	0.9614112458654906	patient_within_study_equal_weight
logFC specificity	specificity	GSE136831	32	0.6523566703417861	0.6879823594266814	0.2049546925909001	0.1984564498346196	0.9647188533627344	patient_within_study_equal_weight
