dataset	resource_mode	universe_mode	method	auroc	average_precision	precision	sensitivity	specificity	f1	mcc	true_positive	false_positive	true_negative	false_negative	n_predicted_positive	decision_cutoff_oriented	decision_rule	auprc	auprc_definition	score_direction	truth_universe_edges	matched_score_edges	evaluable_edges	truth_coverage_fraction	score_match_fraction	truth_positive_edges	truth_negative_edges	evaluable_positive_edges	evaluable_negative_edges	positive_coverage_fraction	negative_coverage_fraction	n_unlabeled_score_rows	top_k_requested	oriented_score_threshold_requested	missing_score_policy	status	reason_code	raw_returned_edges	raw_absent_edges_filled_worst	raw_returned_positive_edges	raw_positive_return_fraction	fixed_resource_lr_pairs	missing_score_policy_citeseq	short_name	species	comparison_arm
5k_pbmc_protein_v3	H-common	resource_fixed	CRYCHIC availability-state	0.5486349707493732	0.108964692294544	0.0272727272727272	0.0272727272727272	0.8907048008171604	0.0272727272727272	-0.0820224719101123	3	107	872	107	110	0.0102158713748241	top_k_tie_expanded	0.108964692294544	average_precision_step_integral_tie_aware	higher	1089	1089	1089	1.0	1.0	110	979	110	979	1.0	1.0	0	110		exclude_and_report_coverage_never_impute_zero	observed		1089.0	0.0	110.0	1.0	9.0	fixed_resource_absent_prediction_ranked_after_returned	5k_pbmc	human	H-common/resource_fixed
5k_pbmc_protein_v3	H-common	resource_fixed	CellChat composite	0.4846782431052094	0.101010101010101	0.101010101010101	1.0	0.0	0.1834862385321101		110	979	0	0	1089	-0.9997708226130948	top_k_tie_expanded	0.101010101010101	average_precision_step_integral_tie_aware	higher	1089	1089	1089	1.0	1.0	110	979	110	979	1.0	1.0	0	110		exclude_and_report_coverage_never_impute_zero	observed		30.0	1059.0	0.0	0.0	9.0	fixed_resource_absent_prediction_ranked_after_returned	5k_pbmc	human	H-common/resource_fixed
5k_pbmc_protein_v3	H-common	resource_fixed	CellChat p-value	0.4923901940755873	0.1021464646464646	0.1022727272727272	0.9	0.1123595505617977	0.1836734693877551	0.0118511365784994	99	869	110	11	968	-1.0	top_k_tie_expanded	0.1021464646464646	average_precision_step_integral_tie_aware	higher	1089	1089	1089	1.0	1.0	110	979	110	979	1.0	1.0	0	110		exclude_and_report_coverage_never_impute_zero	observed		968.0	121.0	99.0	0.9	9.0	fixed_resource_absent_prediction_ranked_after_returned	5k_pbmc	human	H-common/resource_fixed
5k_pbmc_protein_v3	H-common	resource_fixed	CellPhoneDB composite	0.4811031664964249	0.101010101010101	0.101010101010101	1.0	0.0	0.1834862385321101		110	979	0	0	1089	-0.9220160692930222	top_k_tie_expanded	0.101010101010101	average_precision_step_integral_tie_aware	higher	1089	1089	1089	1.0	1.0	110	979	110	979	1.0	1.0	0	110		exclude_and_report_coverage_never_impute_zero	observed		37.0	1052.0	0.0	0.0	9.0	fixed_resource_absent_prediction_ranked_after_returned	5k_pbmc	human	H-common/resource_fixed
5k_pbmc_protein_v3	H-common	resource_fixed	CellPhoneDB p-value	0.4882533197139939	0.1021464646464646	0.1022727272727272	0.9	0.1123595505617977	0.1836734693877551	0.0118511365784994	99	869	110	11	968	-1.0	top_k_tie_expanded	0.1021464646464646	average_precision_step_integral_tie_aware	higher	1089	1089	1089	1.0	1.0	110	979	110	979	1.0	1.0	0	110		exclude_and_report_coverage_never_impute_zero	observed		968.0	121.0	99.0	0.9	9.0	fixed_resource_absent_prediction_ranked_after_returned	5k_pbmc	human	H-common/resource_fixed
5k_pbmc_protein_v3	H-common	resource_fixed	Connectome specificity	0.4758426966292134	0.1021464646464646	0.1022727272727272	0.9	0.1123595505617977	0.1836734693877551	0.0118511365784994	99	869	110	11	968	-0.7107264703154743	top_k_tie_expanded	0.1021464646464646	average_precision_step_integral_tie_aware	higher	1089	1089	1089	1.0	1.0	110	979	110	979	1.0	1.0	0	110		exclude_and_report_coverage_never_impute_zero	observed		968.0	121.0	99.0	0.9	9.0	fixed_resource_absent_prediction_ranked_after_returned	5k_pbmc	human	H-common/resource_fixed
5k_pbmc_protein_v3	H-common	resource_fixed	LIANA magnitude consensus	0.4758426966292134	0.1021464646464646	0.1022727272727272	0.9	0.1123595505617977	0.1836734693877551	0.0118511365784994	99	869	110	11	968	-1.0	top_k_tie_expanded	0.1021464646464646	average_precision_step_integral_tie_aware	higher	1089	1089	1089	1.0	1.0	110	979	110	979	1.0	1.0	0	110		exclude_and_report_coverage_never_impute_zero	observed		968.0	121.0	99.0	0.9	9.0	fixed_resource_absent_prediction_ranked_after_returned	5k_pbmc	human	H-common/resource_fixed
5k_pbmc_protein_v3	H-common	resource_fixed	LIANA specificity consensus	0.4758426966292134	0.1021464646464646	0.1022727272727272	0.9	0.1123595505617977	0.1836734693877551	0.0118511365784994	99	869	110	11	968	-1.0	top_k_tie_expanded	0.1021464646464646	average_precision_step_integral_tie_aware	higher	1089	1089	1089	1.0	1.0	110	979	110	979	1.0	1.0	0	110		exclude_and_report_coverage_never_impute_zero	observed		968.0	121.0	99.0	0.9	9.0	fixed_resource_absent_prediction_ranked_after_returned	5k_pbmc	human	H-common/resource_fixed
5k_pbmc_protein_v3	H-common	resource_fixed	NATMI specificity	0.4758426966292134	0.1021464646464646	0.1022727272727272	0.9	0.1123595505617977	0.1836734693877551	0.0118511365784994	99	869	110	11	968	0.000556917511858	top_k_tie_expanded	0.1021464646464646	average_precision_step_integral_tie_aware	higher	1089	1089	1089	1.0	1.0	110	979	110	979	1.0	1.0	0	110		exclude_and_report_coverage_never_impute_zero	observed		968.0	121.0	99.0	0.9	9.0	fixed_resource_absent_prediction_ranked_after_returned	5k_pbmc	human	H-common/resource_fixed
5k_pbmc_protein_v3	H-common	resource_fixed	SingleCellSignalR LRscore	0.4662921348314606	0.101010101010101	0.101010101010101	1.0	0.0	0.1834862385321101		110	979	0	0	1089	-0.4989072680473327	top_k_tie_expanded	0.101010101010101	average_precision_step_integral_tie_aware	higher	1089	1089	1089	1.0	1.0	110	979	110	979	1.0	1.0	0	110		exclude_and_report_coverage_never_impute_zero	observed		66.0	1023.0	0.0	0.0	9.0	fixed_resource_absent_prediction_ranked_after_returned	5k_pbmc	human	H-common/resource_fixed
5k_pbmc_protein_v3	H-common	resource_fixed	logFC specificity	0.4763023493360572	0.1021464646464646	0.1022727272727272	0.9	0.1123595505617977	0.1836734693877551	0.0118511365784994	99	869	110	11	968	-1.67081880569458	top_k_tie_expanded	0.1021464646464646	average_precision_step_integral_tie_aware	higher	1089	1089	1089	1.0	1.0	110	979	110	979	1.0	1.0	0	110		exclude_and_report_coverage_never_impute_zero	observed		968.0	121.0	99.0	0.9	9.0	fixed_resource_absent_prediction_ranked_after_returned	5k_pbmc	human	H-common/resource_fixed
5k_pbmc_protein_v3	H-common	independent	CRYCHIC availability-state	0.5486349707493732	0.108964692294544	0.0272727272727272	0.0272727272727272	0.8907048008171604	0.0272727272727272	-0.0820224719101123	3	107	872	107	110	0.0102158713748241	top_k_tie_expanded	0.108964692294544	average_precision_step_integral_tie_aware	higher	1089	1089	1089	1.0	1.0	110	979	110	979	1.0	1.0	0	110		exclude_and_report_coverage_never_impute_zero	observed								5k_pbmc	human	H-common/independent
5k_pbmc_protein_v3	H-common	independent	CellChat composite								0	0	0	0	0		top_k_tie_expanded		average_precision_step_integral_tie_aware	higher	30	30	30	1.0	1.0	0	30	0	30		1.0	0	1		exclude_and_report_coverage_never_impute_zero	not_estimable	truth_has_single_class_after_coverage							5k_pbmc	human	H-common/independent
5k_pbmc_protein_v3	H-common	independent	CellChat p-value	0.4827387802071346	0.1022727272727272	0.1022727272727272	1.0	0.0	0.1855670103092783		99	869	0	0	968	-1.0	top_k_tie_expanded	0.1022727272727272	average_precision_step_integral_tie_aware	lower	968	968	968	1.0	1.0	99	869	99	869	1.0	1.0	0	99		exclude_and_report_coverage_never_impute_zero	observed								5k_pbmc	human	H-common/independent
5k_pbmc_protein_v3	H-common	independent	CellPhoneDB composite								0	0	0	0	0		top_k_tie_expanded		average_precision_step_integral_tie_aware	higher	37	37	37	1.0	1.0	0	37	0	37		1.0	0	1		exclude_and_report_coverage_never_impute_zero	not_estimable	truth_has_single_class_after_coverage							5k_pbmc	human	H-common/independent
5k_pbmc_protein_v3	H-common	independent	CellPhoneDB p-value	0.477560414269275	0.1022727272727272	0.1022727272727272	1.0	0.0	0.1855670103092783		99	869	0	0	968	-1.0	top_k_tie_expanded	0.1022727272727272	average_precision_step_integral_tie_aware	lower	968	968	968	1.0	1.0	99	869	99	869	1.0	1.0	0	99		exclude_and_report_coverage_never_impute_zero	observed								5k_pbmc	human	H-common/independent
5k_pbmc_protein_v3	H-common	independent	Connectome specificity	0.4620253164556962	0.1022727272727272	0.1022727272727272	1.0	0.0	0.1855670103092783		99	869	0	0	968	-0.7107264703154743	top_k_tie_expanded	0.1022727272727272	average_precision_step_integral_tie_aware	higher	968	968	968	1.0	1.0	99	869	99	869	1.0	1.0	0	99		exclude_and_report_coverage_never_impute_zero	observed								5k_pbmc	human	H-common/independent
5k_pbmc_protein_v3	H-common	independent	LIANA magnitude consensus	0.4620253164556962	0.1022727272727272	0.1022727272727272	1.0	0.0	0.1855670103092783		99	869	0	0	968	-1.0	top_k_tie_expanded	0.1022727272727272	average_precision_step_integral_tie_aware	lower	968	968	968	1.0	1.0	99	869	99	869	1.0	1.0	0	99		exclude_and_report_coverage_never_impute_zero	observed								5k_pbmc	human	H-common/independent
5k_pbmc_protein_v3	H-common	independent	LIANA specificity consensus	0.4620253164556962	0.1022727272727272	0.1022727272727272	1.0	0.0	0.1855670103092783		99	869	0	0	968	-1.0	top_k_tie_expanded	0.1022727272727272	average_precision_step_integral_tie_aware	lower	968	968	968	1.0	1.0	99	869	99	869	1.0	1.0	0	99		exclude_and_report_coverage_never_impute_zero	observed								5k_pbmc	human	H-common/independent
5k_pbmc_protein_v3	H-common	independent	NATMI specificity	0.4620253164556962	0.1022727272727272	0.1022727272727272	1.0	0.0	0.1855670103092783		99	869	0	0	968	0.000556917511858	top_k_tie_expanded	0.1022727272727272	average_precision_step_integral_tie_aware	higher	968	968	968	1.0	1.0	99	869	99	869	1.0	1.0	0	99		exclude_and_report_coverage_never_impute_zero	observed								5k_pbmc	human	H-common/independent
5k_pbmc_protein_v3	H-common	independent	SingleCellSignalR LRscore								0	0	0	0	0		top_k_tie_expanded		average_precision_step_integral_tie_aware	higher	66	66	66	1.0	1.0	0	66	0	66		1.0	0	1		exclude_and_report_coverage_never_impute_zero	not_estimable	truth_has_single_class_after_coverage							5k_pbmc	human	H-common/independent
5k_pbmc_protein_v3	H-common	independent	logFC specificity	0.4626006904487917	0.1022727272727272	0.1022727272727272	1.0	0.0	0.1855670103092783		99	869	0	0	968	-1.67081880569458	top_k_tie_expanded	0.1022727272727272	average_precision_step_integral_tie_aware	higher	968	968	968	1.0	1.0	99	869	99	869	1.0	1.0	0	99		exclude_and_report_coverage_never_impute_zero	observed								5k_pbmc	human	H-common/independent
5k_pbmc_protein_v3	native-independent	independent	CRYCHIC availability-state	0.571555763823805	0.0787271779889346	0.0181818181818181	0.0181818181818181	0.9240862230552952	0.0181818181818181	-0.0577319587628866	3	162	1972	162	165	0.0103535961590385	top_k_tie_expanded	0.0787271779889346	average_precision_step_integral_tie_aware	higher	2299	2299	2299	1.0	1.0	165	2134	165	2134	1.0	1.0	0	165		exclude_and_report_coverage_never_impute_zero	observed								5k_pbmc	human	native/independent
5k_pbmc_protein_v3	native-independent	independent	CellChat composite	0.5229851313312726	0.096066228724348	0.0379746835443038	0.0379746835443038	0.8963165075034106	0.0379746835443038	-0.0657088089522855	3	76	657	76	79	0.0952022362034381	top_k_tie_expanded	0.096066228724348	average_precision_step_integral_tie_aware	higher	812	812	812	1.0	1.0	79	733	79	733	1.0	1.0	0	79		exclude_and_report_coverage_never_impute_zero	observed								5k_pbmc	human	native/independent
5k_pbmc_protein_v3	native-independent	independent	CellChat p-value	0.519214640942758	0.0697695371079039	0.1019354838709677	0.1408199643493761	0.9146117040853884	0.1182634730538922	0.0477931644157418	79	696	7455	482	775	-0.0	top_k_tie_expanded	0.0697695371079039	average_precision_step_integral_tie_aware	lower	8712	8712	8712	1.0	1.0	561	8151	561	8151	1.0	1.0	0	561		exclude_and_report_coverage_never_impute_zero	observed								5k_pbmc	human	native/independent
5k_pbmc_protein_v3	native-independent	independent	CellPhoneDB composite	0.5014268429103029	0.0904669007337157	0.043010752688172	0.043010752688172	0.90552016985138	0.043010752688172	-0.0514690774604479	4	89	853	89	93	2.226558923721313	top_k_tie_expanded	0.0904669007337157	average_precision_step_integral_tie_aware	higher	1035	1035	1035	1.0	1.0	93	942	93	942	1.0	1.0	0	93		exclude_and_report_coverage_never_impute_zero	observed								5k_pbmc	human	native/independent
5k_pbmc_protein_v3	native-independent	independent	CellPhoneDB p-value	0.5233887512243831	0.0688146949168899	0.0885684860968074	0.1532976827094474	0.8914243651085756	0.1122715404699739	0.0348819222832575	86	885	7266	475	971	-0.0	top_k_tie_expanded	0.0688146949168899	average_precision_step_integral_tie_aware	lower	8712	8712	8712	1.0	1.0	561	8151	561	8151	1.0	1.0	0	561		exclude_and_report_coverage_never_impute_zero	observed								5k_pbmc	human	native/independent
5k_pbmc_protein_v3	native-independent	independent	Connectome specificity	0.5193226731363517	0.0797263828280853	0.1336898395721925	0.1336898395721925	0.9403754140596244	0.1336898395721925	0.0740652536318171	75	486	7665	486	561	0.4891104177376144	top_k_tie_expanded	0.0797263828280853	average_precision_step_integral_tie_aware	higher	8712	8712	8712	1.0	1.0	561	8151	561	8151	1.0	1.0	0	561		exclude_and_report_coverage_never_impute_zero	observed								5k_pbmc	human	native/independent
5k_pbmc_protein_v3	native-independent	independent	LIANA magnitude consensus	0.5160683673208301	0.0724222823019382	0.106951871657754	0.106951871657754	0.9385351490614648	0.106951871657754	0.0454870207192188	60	501	7650	501	561	-0.0034550975806888	top_k_tie_expanded	0.0724222823019382	average_precision_step_integral_tie_aware	lower	8712	8712	8712	1.0	1.0	561	8151	561	8151	1.0	1.0	0	561		exclude_and_report_coverage_never_impute_zero	observed								5k_pbmc	human	native/independent
5k_pbmc_protein_v3	native-independent	independent	LIANA specificity consensus	0.520084256363457	0.0910256260723324	0.1390374331550802	0.1390374331550802	0.9407434670592564	0.1390374331550802	0.0797809002143367	78	483	7668	483	561	-1.2743498055568989e-05	top_k_tie_expanded	0.0910256260723324	average_precision_step_integral_tie_aware	lower	8712	8712	8712	1.0	1.0	561	8151	561	8151	1.0	1.0	0	561		exclude_and_report_coverage_never_impute_zero	observed								5k_pbmc	human	native/independent
5k_pbmc_protein_v3	native-independent	independent	NATMI specificity	0.5223493240661831	0.1214985533613358	0.1586452762923351	0.1586452762923351	0.9420929947245736	0.1586452762923351	0.1007382710169087	89	472	7679	472	561	0.0172481834888458	top_k_tie_expanded	0.1214985533613358	average_precision_step_integral_tie_aware	higher	8712	8712	8712	1.0	1.0	561	8151	561	8151	1.0	1.0	0	561		exclude_and_report_coverage_never_impute_zero	observed								5k_pbmc	human	native/independent
5k_pbmc_protein_v3	native-independent	independent	SingleCellSignalR LRscore	0.6099181411311829	0.1032050086595147	0.0517241379310344	0.0517241379310344	0.9260255548083388	0.0517241379310344	-0.0222503072606265	6	110	1377	110	116	0.9402766227722168	top_k_tie_expanded	0.1032050086595147	average_precision_step_integral_tie_aware	higher	1603	1603	1603	1.0	1.0	116	1487	116	1487	1.0	1.0	0	116		exclude_and_report_coverage_never_impute_zero	observed								5k_pbmc	human	native/independent
5k_pbmc_protein_v3	native-independent	independent	logFC specificity	0.518191178056081	0.0732998057664832	0.1390374331550802	0.1390374331550802	0.9407434670592564	0.1390374331550802	0.0797809002143367	78	483	7668	483	561	0.4515947997570038	top_k_tie_expanded	0.0732998057664832	average_precision_step_integral_tie_aware	higher	8712	8712	8712	1.0	1.0	561	8151	561	8151	1.0	1.0	0	561		exclude_and_report_coverage_never_impute_zero	observed								5k_pbmc	human	native/independent
5k_pbmc_protein_v3_nextgem	H-common	resource_fixed	CRYCHIC availability-state	0.4650434027777778	0.0703526872917616	0.0208333333333333	0.0208333333333333	0.9216666666666666	0.0208333333333333	-0.0575	2	94	1106	94	96	0.0615100353388964	top_k_tie_expanded	0.0703526872917616	average_precision_step_integral_tie_aware	higher	1296	1296	1296	1.0	1.0	96	1200	96	1200	1.0	1.0	0	96		exclude_and_report_coverage_never_impute_zero	observed		1296.0	0.0	96.0	1.0	9.0	fixed_resource_absent_prediction_ranked_after_returned	5k_pbmc_nextgem	human	H-common/resource_fixed
5k_pbmc_protein_v3_nextgem	H-common	resource_fixed	CellChat composite	0.48625	0.074074074074074	0.074074074074074	1.0	0.0	0.1379310344827586		96	1200	0	0	1296	-0.9999572460839282	top_k_tie_expanded	0.074074074074074	average_precision_step_integral_tie_aware	higher	1296	1296	1296	1.0	1.0	96	1200	96	1200	1.0	1.0	0	96		exclude_and_report_coverage_never_impute_zero	observed		33.0	1263.0	0.0	0.0	9.0	fixed_resource_absent_prediction_ranked_after_returned	5k_pbmc_nextgem	human	H-common/resource_fixed
5k_pbmc_protein_v3_nextgem	H-common	resource_fixed	CellChat p-value	0.4746875	0.072089947089947	0.0714285714285714	0.75	0.22	0.1304347826086956	-0.0188982236504613	72	936	264	24	1008	-1.0	top_k_tie_expanded	0.072089947089947	average_precision_step_integral_tie_aware	higher	1296	1296	1296	1.0	1.0	96	1200	96	1200	1.0	1.0	0	96		exclude_and_report_coverage_never_impute_zero	observed		1008.0	288.0	72.0	0.75	9.0	fixed_resource_absent_prediction_ranked_after_returned	5k_pbmc_nextgem	human	H-common/resource_fixed
5k_pbmc_protein_v3_nextgem	H-common	resource_fixed	CellPhoneDB composite	0.4845920138888889	0.0730922819464486	0.074074074074074	1.0	0.0	0.1379310344827586		96	1200	0	0	1296	-0.945693388581276	top_k_tie_expanded	0.0730922819464486	average_precision_step_integral_tie_aware	higher	1296	1296	1296	1.0	1.0	96	1200	96	1200	1.0	1.0	0	96		exclude_and_report_coverage_never_impute_zero	observed		63.0	1233.0	2.0	0.0208333333333333	9.0	fixed_resource_absent_prediction_ranked_after_returned	5k_pbmc_nextgem	human	H-common/resource_fixed
5k_pbmc_protein_v3_nextgem	H-common	resource_fixed	CellPhoneDB p-value	0.4692100694444444	0.0712738948626045	0.0714285714285714	0.75	0.22	0.1304347826086956	-0.0188982236504613	72	936	264	24	1008	-1.0	top_k_tie_expanded	0.0712738948626045	average_precision_step_integral_tie_aware	higher	1296	1296	1296	1.0	1.0	96	1200	96	1200	1.0	1.0	0	96		exclude_and_report_coverage_never_impute_zero	observed		1008.0	288.0	72.0	0.75	9.0	fixed_resource_absent_prediction_ranked_after_returned	5k_pbmc_nextgem	human	H-common/resource_fixed
5k_pbmc_protein_v3_nextgem	H-common	resource_fixed	Connectome specificity	0.4598090277777777	0.0715989426926926	0.0208333333333333	0.0208333333333333	0.9216666666666666	0.0208333333333333	-0.0575	2	94	1106	94	96	-0.2147705969523749	top_k_tie_expanded	0.0715989426926926	average_precision_step_integral_tie_aware	higher	1296	1296	1296	1.0	1.0	96	1200	96	1200	1.0	1.0	0	96		exclude_and_report_coverage_never_impute_zero	observed		1008.0	288.0	72.0	0.75	9.0	fixed_resource_absent_prediction_ranked_after_returned	5k_pbmc_nextgem	human	H-common/resource_fixed
5k_pbmc_protein_v3_nextgem	H-common	resource_fixed	LIANA magnitude consensus	0.4587934027777778	0.0709484152083772	0.0208333333333333	0.0208333333333333	0.9216666666666666	0.0208333333333333	-0.0575	2	94	1106	94	96	-0.0536416896263621	top_k_tie_expanded	0.0709484152083772	average_precision_step_integral_tie_aware	higher	1296	1296	1296	1.0	1.0	96	1200	96	1200	1.0	1.0	0	96		exclude_and_report_coverage_never_impute_zero	observed		1008.0	288.0	72.0	0.75	9.0	fixed_resource_absent_prediction_ranked_after_returned	5k_pbmc_nextgem	human	H-common/resource_fixed
5k_pbmc_protein_v3_nextgem	H-common	resource_fixed	LIANA specificity consensus	0.4601822916666667	0.07380698005698	0.0208333333333333	0.0208333333333333	0.9216666666666666	0.0208333333333333	-0.0575	2	94	1106	94	96	-0.0166888882606293	top_k_tie_expanded	0.07380698005698	average_precision_step_integral_tie_aware	higher	1296	1296	1296	1.0	1.0	96	1200	96	1200	1.0	1.0	0	96		exclude_and_report_coverage_never_impute_zero	observed		1008.0	288.0	72.0	0.75	9.0	fixed_resource_absent_prediction_ranked_after_returned	5k_pbmc_nextgem	human	H-common/resource_fixed
5k_pbmc_protein_v3_nextgem	H-common	resource_fixed	NATMI specificity	0.4602690972222222	0.0792824074074074	0.0208333333333333	0.0208333333333333	0.9216666666666666	0.0208333333333333	-0.0575	2	94	1106	94	96	0.0013710126513615	top_k_tie_expanded	0.0792824074074074	average_precision_step_integral_tie_aware	higher	1296	1296	1296	1.0	1.0	96	1200	96	1200	1.0	1.0	0	96		exclude_and_report_coverage_never_impute_zero	observed		1008.0	288.0	72.0	0.75	9.0	fixed_resource_absent_prediction_ranked_after_returned	5k_pbmc_nextgem	human	H-common/resource_fixed
5k_pbmc_protein_v3_nextgem	H-common	resource_fixed	SingleCellSignalR LRscore	0.4656336805555555	0.0728746103352147	0.0208333333333333	0.0208333333333333	0.9216666666666666	0.0208333333333333	-0.0575	2	94	1106	94	96	0.6952928900718689	top_k_tie_expanded	0.0728746103352147	average_precision_step_integral_tie_aware	higher	1296	1296	1296	1.0	1.0	96	1200	96	1200	1.0	1.0	0	96		exclude_and_report_coverage_never_impute_zero	observed		108.0	1188.0	2.0	0.0208333333333333	9.0	fixed_resource_absent_prediction_ranked_after_returned	5k_pbmc_nextgem	human	H-common/resource_fixed
5k_pbmc_protein_v3_nextgem	H-common	resource_fixed	logFC specificity	0.4599739583333333	0.0713993337850045	0.0208333333333333	0.0208333333333333	0.9216666666666666	0.0208333333333333	-0.0575	2	94	1106	94	96	-1.2492932081222534	top_k_tie_expanded	0.0713993337850045	average_precision_step_integral_tie_aware	higher	1296	1296	1296	1.0	1.0	96	1200	96	1200	1.0	1.0	0	96		exclude_and_report_coverage_never_impute_zero	observed		1008.0	288.0	72.0	0.75	9.0	fixed_resource_absent_prediction_ranked_after_returned	5k_pbmc_nextgem	human	H-common/resource_fixed
5k_pbmc_protein_v3_nextgem	H-common	independent	CRYCHIC availability-state	0.4650434027777778	0.0703526872917616	0.0208333333333333	0.0208333333333333	0.9216666666666666	0.0208333333333333	-0.0575	2	94	1106	94	96	0.0615100353388964	top_k_tie_expanded	0.0703526872917616	average_precision_step_integral_tie_aware	higher	1296	1296	1296	1.0	1.0	96	1200	96	1200	1.0	1.0	0	96		exclude_and_report_coverage_never_impute_zero	observed								5k_pbmc_nextgem	human	H-common/independent
5k_pbmc_protein_v3_nextgem	H-common	independent	CellChat composite								0	0	0	0	0		top_k_tie_expanded		average_precision_step_integral_tie_aware	higher	33	33	33	1.0	1.0	0	33	0	33		1.0	0	1		exclude_and_report_coverage_never_impute_zero	not_estimable	truth_has_single_class_after_coverage							5k_pbmc_nextgem	human	H-common/independent
5k_pbmc_protein_v3_nextgem	H-common	independent	CellChat p-value	0.4823717948717949	0.0714285714285714	0.0714285714285714	1.0	0.0	0.1333333333333333		72	936	0	0	1008	-1.0	top_k_tie_expanded	0.0714285714285714	average_precision_step_integral_tie_aware	lower	1008	1008	1008	1.0	1.0	72	936	72	936	1.0	1.0	0	72		exclude_and_report_coverage_never_impute_zero	observed								5k_pbmc_nextgem	human	H-common/independent
5k_pbmc_protein_v3_nextgem	H-common	independent	CellPhoneDB composite	0.1147540983606557	0.0269480519480519	0.0	0.0	0.9672131147540984	0.0	-0.0327868852459016	0	2	59	2	2	3.153403282165528	top_k_tie_expanded	0.0269480519480519	average_precision_step_integral_tie_aware	higher	63	63	63	1.0	1.0	2	61	2	61	1.0	1.0	0	2		exclude_and_report_coverage_never_impute_zero	observed								5k_pbmc_nextgem	human	H-common/independent
5k_pbmc_protein_v3_nextgem	H-common	independent	CellPhoneDB p-value	0.473008665716999	0.0703405017921146	0.0273972602739726	0.0277777777777777	0.9241452991452992	0.0275862068965517	-0.0477720196341512	2	71	865	70	73	-0.89	top_k_tie_expanded	0.0703405017921146	average_precision_step_integral_tie_aware	lower	1008	1008	1008	1.0	1.0	72	936	72	936	1.0	1.0	0	72		exclude_and_report_coverage_never_impute_zero	observed								5k_pbmc_nextgem	human	H-common/independent
5k_pbmc_protein_v3_nextgem	H-common	independent	Connectome specificity	0.4569385090218423	0.0707738988988988	0.0277777777777777	0.0277777777777777	0.9252136752136751	0.0277777777777777	-0.047008547008547	2	70	866	70	72	0.0309865518300535	top_k_tie_expanded	0.0707738988988988	average_precision_step_integral_tie_aware	higher	1008	1008	1008	1.0	1.0	72	936	72	936	1.0	1.0	0	72		exclude_and_report_coverage_never_impute_zero	observed								5k_pbmc_nextgem	human	H-common/independent
5k_pbmc_protein_v3_nextgem	H-common	independent	LIANA magnitude consensus	0.4552023979107312	0.0699065289198116	0.0	0.0	0.9230769230769232	0.0	-0.0769230769230769	0	72	864	72	72	-0.0172076075778908	top_k_tie_expanded	0.0699065289198116	average_precision_step_integral_tie_aware	lower	1008	1008	1008	1.0	1.0	72	936	72	936	1.0	1.0	0	72		exclude_and_report_coverage_never_impute_zero	observed								5k_pbmc_nextgem	human	H-common/independent
5k_pbmc_protein_v3_nextgem	H-common	independent	LIANA specificity consensus	0.4575765669515669	0.0737179487179487	0.0277777777777777	0.0277777777777777	0.9252136752136751	0.0277777777777777	-0.047008547008547	2	70	866	70	72	-0.0004105983222168	top_k_tie_expanded	0.0737179487179487	average_precision_step_integral_tie_aware	lower	1008	1008	1008	1.0	1.0	72	936	72	936	1.0	1.0	0	72		exclude_and_report_coverage_never_impute_zero	observed								5k_pbmc_nextgem	human	H-common/independent
5k_pbmc_protein_v3_nextgem	H-common	independent	NATMI specificity	0.4577249525166192	0.0810185185185185	0.0277777777777777	0.0277777777777777	0.9252136752136751	0.0277777777777777	-0.047008547008547	2	70	866	70	72	0.0031725338194519	top_k_tie_expanded	0.0810185185185185	average_precision_step_integral_tie_aware	higher	1008	1008	1008	1.0	1.0	72	936	72	936	1.0	1.0	0	72		exclude_and_report_coverage_never_impute_zero	observed								5k_pbmc_nextgem	human	H-common/independent
5k_pbmc_protein_v3_nextgem	H-common	independent	SingleCellSignalR LRscore	0.1650943396226415	0.0164998146088246	0.0	0.0	0.981132075471698	0.0	-0.0188679245283018	0	2	104	2	2	0.9651455283164978	top_k_tie_expanded	0.0164998146088246	average_precision_step_integral_tie_aware	higher	108	108	108	1.0	1.0	2	106	2	106	1.0	1.0	0	2		exclude_and_report_coverage_never_impute_zero	observed								5k_pbmc_nextgem	human	H-common/independent
5k_pbmc_protein_v3_nextgem	H-common	independent	logFC specificity	0.4572204415954416	0.0705077536886479	0.0277777777777777	0.0277777777777777	0.9252136752136751	0.0277777777777777	-0.047008547008547	2	70	866	70	72	-0.5744906067848206	top_k_tie_expanded	0.0705077536886479	average_precision_step_integral_tie_aware	higher	1008	1008	1008	1.0	1.0	72	936	72	936	1.0	1.0	0	72		exclude_and_report_coverage_never_impute_zero	observed								5k_pbmc_nextgem	human	H-common/independent
5k_pbmc_protein_v3_nextgem	native-independent	independent	CRYCHIC availability-state	0.5512253821281599	0.0909464700537011	0.0972222222222222	0.0972222222222222	0.9226190476190476	0.0972222222222222	0.0198412698412698	21	195	2325	195	216	0.0134654690776206	top_k_tie_expanded	0.0909464700537011	average_precision_step_integral_tie_aware	higher	2736	2736	2736	1.0	1.0	216	2520	216	2520	1.0	1.0	0	216		exclude_and_report_coverage_never_impute_zero	observed								5k_pbmc_nextgem	human	native/independent
5k_pbmc_protein_v3_nextgem	native-independent	independent	CellChat composite	0.4627694052827742	0.1652946046531278	0.2085561497326203	0.2085561497326203	0.8275058275058275	0.2085561497326203	0.0360619772384478	39	148	710	148	187	0.0755793550034022	top_k_tie_expanded	0.1652946046531278	average_precision_step_integral_tie_aware	higher	1045	1045	1045	1.0	1.0	187	858	187	858	1.0	1.0	0	187		exclude_and_report_coverage_never_impute_zero	observed								5k_pbmc_nextgem	human	native/independent
5k_pbmc_protein_v3_nextgem	native-independent	independent	CellChat p-value	0.5538439437498138	0.1131119784115705	0.1845056065239551	0.1862139917695473	0.914857386121754	0.1853558627752176	0.100654897357195	181	800	8596	791	981	-0.0	top_k_tie_expanded	0.1131119784115705	average_precision_step_integral_tie_aware	lower	10368	10368	10368	1.0	1.0	972	9396	972	9396	1.0	1.0	0	972		exclude_and_report_coverage_never_impute_zero	observed								5k_pbmc_nextgem	human	native/independent
5k_pbmc_protein_v3_nextgem	native-independent	independent	CellPhoneDB composite	0.4272403815239524	0.1417091589733552	0.1152073732718894	0.1152073732718894	0.8213953488372093	0.1152073732718894	-0.0633972778909013	25	192	883	192	217	2.0519859790802	top_k_tie_expanded	0.1417091589733552	average_precision_step_integral_tie_aware	higher	1292	1292	1292	1.0	1.0	217	1075	217	1075	1.0	1.0	0	217		exclude_and_report_coverage_never_impute_zero	observed								5k_pbmc_nextgem	human	native/independent
5k_pbmc_protein_v3_nextgem	native-independent	independent	CellPhoneDB p-value	0.5531754275087727	0.1126759084987277	0.1699834162520729	0.2109053497942387	0.8934653043848446	0.1882460973370064	0.0948886448821371	205	1001	8395	767	1206	-0.0	top_k_tie_expanded	0.1126759084987277	average_precision_step_integral_tie_aware	lower	10368	10368	10368	1.0	1.0	972	9396	972	9396	1.0	1.0	0	972		exclude_and_report_coverage_never_impute_zero	observed								5k_pbmc_nextgem	human	native/independent
5k_pbmc_protein_v3_nextgem	native-independent	independent	Connectome specificity	0.5485947417428307	0.1214630511506715	0.1954732510288065	0.1954732510288065	0.9167730949340144	0.1954732510288065	0.112246345962821	190	782	8614	782	972	0.3421777298277013	top_k_tie_expanded	0.1214630511506715	average_precision_step_integral_tie_aware	higher	10368	10368	10368	1.0	1.0	972	9396	972	9396	1.0	1.0	0	972		exclude_and_report_coverage_never_impute_zero	observed								5k_pbmc_nextgem	human	native/independent
5k_pbmc_protein_v3_nextgem	native-independent	independent	LIANA magnitude consensus	0.5408690568791202	0.1066496866719673	0.132716049382716	0.132716049382716	0.9102809706257982	0.132716049382716	0.0429970200085142	129	843	8553	843	972	-0.0088452084186829	top_k_tie_expanded	0.1066496866719673	average_precision_step_integral_tie_aware	lower	10368	10368	10368	1.0	1.0	972	9396	972	9396	1.0	1.0	0	972		exclude_and_report_coverage_never_impute_zero	observed								5k_pbmc_nextgem	human	native/independent
5k_pbmc_protein_v3_nextgem	native-independent	independent	LIANA specificity consensus	0.5499370299418193	0.1332278598818908	0.1923868312757201	0.1923868312757201	0.916453810131971	0.1923868312757201	0.1088406414076912	187	785	8611	785	972	-6.359373460196242e-05	top_k_tie_expanded	0.1332278598818908	average_precision_step_integral_tie_aware	lower	10368	10368	10368	1.0	1.0	972	9396	972	9396	1.0	1.0	0	972		exclude_and_report_coverage_never_impute_zero	observed								5k_pbmc_nextgem	human	native/independent
5k_pbmc_protein_v3_nextgem	native-independent	independent	NATMI specificity	0.5506377921959612	0.1474651824458385	0.1975308641975308	0.1975308641975308	0.91698595146871	0.1975308641975308	0.1145168156662409	192	780	8616	780	972	0.0102594317868351	top_k_tie_expanded	0.1474651824458385	average_precision_step_integral_tie_aware	higher	10368	10368	10368	1.0	1.0	972	9396	972	9396	1.0	1.0	0	972		exclude_and_report_coverage_never_impute_zero	observed								5k_pbmc_nextgem	human	native/independent
5k_pbmc_protein_v3_nextgem	native-independent	independent	SingleCellSignalR LRscore	0.5452954171034896	0.1446603770057428	0.1931818181818181	0.1931818181818181	0.8830313014827018	0.1931818181818181	0.0762131196645199	51	213	1608	213	264	0.9340178370475768	top_k_tie_expanded	0.1446603770057428	average_precision_step_integral_tie_aware	higher	2085	2085	2085	1.0	1.0	264	1821	264	1821	1.0	1.0	0	264		exclude_and_report_coverage_never_impute_zero	observed								5k_pbmc_nextgem	human	native/independent
5k_pbmc_protein_v3_nextgem	native-independent	independent	logFC specificity	0.5475529053603057	0.1168140676277242	0.1923868312757201	0.1923868312757201	0.916453810131971	0.1923868312757201	0.1088406414076912	187	785	8611	785	972	0.2204985618591308	top_k_tie_expanded	0.1168140676277242	average_precision_step_integral_tie_aware	higher	10368	10368	10368	1.0	1.0	972	9396	972	9396	1.0	1.0	0	972		exclude_and_report_coverage_never_impute_zero	observed								5k_pbmc_nextgem	human	native/independent
pbmc_10k_protein_v3	H-common	resource_fixed	CRYCHIC availability-state	0.6415925344496773	0.1746351738453156	0.1904761904761904	0.1904761904761904	0.9377289377289376	0.1904761904761904	0.1282051282051282	8	34	512	34	42	0.0004377159240202	top_k_tie_expanded	0.1746351738453156	average_precision_step_integral_tie_aware	higher	588	588	588	1.0	1.0	42	546	42	546	1.0	1.0	0	42		exclude_and_report_coverage_never_impute_zero	observed		588.0	0.0	42.0	1.0	3.0	fixed_resource_absent_prediction_ranked_after_returned	pbmc_10k	human	H-common/resource_fixed
pbmc_10k_protein_v3	H-common	resource_fixed	CellChat composite	0.5	0.0714285714285714	0.0714285714285714	1.0	0.0	0.1333333333333333		42	546	0	0	588	-0.9998996999138172	top_k_tie_expanded	0.0714285714285714	average_precision_step_integral_tie_aware	higher	588	588	588	1.0	1.0	42	546	42	546	1.0	1.0	0	42		exclude_and_report_coverage_never_impute_zero	observed		0.0	588.0	0.0	0.0	3.0	fixed_resource_absent_prediction_ranked_after_returned	pbmc_10k	human	H-common/resource_fixed
pbmc_10k_protein_v3	H-common	resource_fixed	CellChat p-value	0.5	0.0714285714285714	0.0714285714285714	1.0	0.0	0.1333333333333333		42	546	0	0	588	-1.0	top_k_tie_expanded	0.0714285714285714	average_precision_step_integral_tie_aware	higher	588	588	588	1.0	1.0	42	546	42	546	1.0	1.0	0	42		exclude_and_report_coverage_never_impute_zero	observed		588.0	0.0	42.0	1.0	3.0	fixed_resource_absent_prediction_ranked_after_returned	pbmc_10k	human	H-common/resource_fixed
pbmc_10k_protein_v3	H-common	resource_fixed	CellPhoneDB composite	0.5	0.0714285714285714	0.0714285714285714	1.0	0.0	0.1333333333333333		42	546	0	0	588	-0.9161336421966552	top_k_tie_expanded	0.0714285714285714	average_precision_step_integral_tie_aware	higher	588	588	588	1.0	1.0	42	546	42	546	1.0	1.0	0	42		exclude_and_report_coverage_never_impute_zero	observed		0.0	588.0	0.0	0.0	3.0	fixed_resource_absent_prediction_ranked_after_returned	pbmc_10k	human	H-common/resource_fixed
pbmc_10k_protein_v3	H-common	resource_fixed	CellPhoneDB p-value	0.5	0.0714285714285714	0.0714285714285714	1.0	0.0	0.1333333333333333		42	546	0	0	588	-1.0	top_k_tie_expanded	0.0714285714285714	average_precision_step_integral_tie_aware	higher	588	588	588	1.0	1.0	42	546	42	546	1.0	1.0	0	42		exclude_and_report_coverage_never_impute_zero	observed		588.0	0.0	42.0	1.0	3.0	fixed_resource_absent_prediction_ranked_after_returned	pbmc_10k	human	H-common/resource_fixed
pbmc_10k_protein_v3	H-common	resource_fixed	Connectome specificity	0.5	0.0714285714285714	0.0714285714285714	1.0	0.0	0.1333333333333333		42	546	0	0	588	-0.7734576437031844	top_k_tie_expanded	0.0714285714285714	average_precision_step_integral_tie_aware	higher	588	588	588	1.0	1.0	42	546	42	546	1.0	1.0	0	42		exclude_and_report_coverage_never_impute_zero	observed		588.0	0.0	42.0	1.0	3.0	fixed_resource_absent_prediction_ranked_after_returned	pbmc_10k	human	H-common/resource_fixed
pbmc_10k_protein_v3	H-common	resource_fixed	LIANA magnitude consensus	0.5	0.0714285714285714	0.0714285714285714	1.0	0.0	0.1333333333333333		42	546	0	0	588	-1.0	top_k_tie_expanded	0.0714285714285714	average_precision_step_integral_tie_aware	higher	588	588	588	1.0	1.0	42	546	42	546	1.0	1.0	0	42		exclude_and_report_coverage_never_impute_zero	observed		588.0	0.0	42.0	1.0	3.0	fixed_resource_absent_prediction_ranked_after_returned	pbmc_10k	human	H-common/resource_fixed
pbmc_10k_protein_v3	H-common	resource_fixed	LIANA specificity consensus	0.5	0.0714285714285714	0.0714285714285714	1.0	0.0	0.1333333333333333		42	546	0	0	588	-1.0	top_k_tie_expanded	0.0714285714285714	average_precision_step_integral_tie_aware	higher	588	588	588	1.0	1.0	42	546	42	546	1.0	1.0	0	42		exclude_and_report_coverage_never_impute_zero	observed		588.0	0.0	42.0	1.0	3.0	fixed_resource_absent_prediction_ranked_after_returned	pbmc_10k	human	H-common/resource_fixed
pbmc_10k_protein_v3	H-common	resource_fixed	NATMI specificity	0.5	0.0714285714285714	0.0714285714285714	1.0	0.0	0.1333333333333333		42	546	0	0	588	0.0002806191041599	top_k_tie_expanded	0.0714285714285714	average_precision_step_integral_tie_aware	higher	588	588	588	1.0	1.0	42	546	42	546	1.0	1.0	0	42		exclude_and_report_coverage_never_impute_zero	observed		588.0	0.0	42.0	1.0	3.0	fixed_resource_absent_prediction_ranked_after_returned	pbmc_10k	human	H-common/resource_fixed
pbmc_10k_protein_v3	H-common	resource_fixed	SingleCellSignalR LRscore	0.5	0.0714285714285714	0.0714285714285714	1.0	0.0	0.1333333333333333		42	546	0	0	588	-0.4974871277809143	top_k_tie_expanded	0.0714285714285714	average_precision_step_integral_tie_aware	higher	588	588	588	1.0	1.0	42	546	42	546	1.0	1.0	0	42		exclude_and_report_coverage_never_impute_zero	observed		0.0	588.0	0.0	0.0	3.0	fixed_resource_absent_prediction_ranked_after_returned	pbmc_10k	human	H-common/resource_fixed
pbmc_10k_protein_v3	H-common	resource_fixed	logFC specificity	0.5	0.0714285714285714	0.0714285714285714	1.0	0.0	0.1333333333333333		42	546	0	0	588	-2.034465074539185	top_k_tie_expanded	0.0714285714285714	average_precision_step_integral_tie_aware	higher	588	588	588	1.0	1.0	42	546	42	546	1.0	1.0	0	42		exclude_and_report_coverage_never_impute_zero	observed		588.0	0.0	42.0	1.0	3.0	fixed_resource_absent_prediction_ranked_after_returned	pbmc_10k	human	H-common/resource_fixed
pbmc_10k_protein_v3	H-common	independent	CRYCHIC availability-state	0.6415925344496773	0.1746351738453156	0.1904761904761904	0.1904761904761904	0.9377289377289376	0.1904761904761904	0.1282051282051282	8	34	512	34	42	0.0004377159240202	top_k_tie_expanded	0.1746351738453156	average_precision_step_integral_tie_aware	higher	588	588	588	1.0	1.0	42	546	42	546	1.0	1.0	0	42		exclude_and_report_coverage_never_impute_zero	observed								pbmc_10k	human	H-common/independent
pbmc_10k_protein_v3	H-common	independent	CellChat p-value	0.5	0.0714285714285714	0.0714285714285714	1.0	0.0	0.1333333333333333		42	546	0	0	588	-1.0	top_k_tie_expanded	0.0714285714285714	average_precision_step_integral_tie_aware	lower	588	588	588	1.0	1.0	42	546	42	546	1.0	1.0	0	42		exclude_and_report_coverage_never_impute_zero	observed								pbmc_10k	human	H-common/independent
pbmc_10k_protein_v3	H-common	independent	CellPhoneDB p-value	0.5	0.0714285714285714	0.0714285714285714	1.0	0.0	0.1333333333333333		42	546	0	0	588	-1.0	top_k_tie_expanded	0.0714285714285714	average_precision_step_integral_tie_aware	lower	588	588	588	1.0	1.0	42	546	42	546	1.0	1.0	0	42		exclude_and_report_coverage_never_impute_zero	observed								pbmc_10k	human	H-common/independent
pbmc_10k_protein_v3	H-common	independent	Connectome specificity	0.5	0.0714285714285714	0.0714285714285714	1.0	0.0	0.1333333333333333		42	546	0	0	588	-0.7734576437031844	top_k_tie_expanded	0.0714285714285714	average_precision_step_integral_tie_aware	higher	588	588	588	1.0	1.0	42	546	42	546	1.0	1.0	0	42		exclude_and_report_coverage_never_impute_zero	observed								pbmc_10k	human	H-common/independent
pbmc_10k_protein_v3	H-common	independent	LIANA magnitude consensus	0.5	0.0714285714285714	0.0714285714285714	1.0	0.0	0.1333333333333333		42	546	0	0	588	-1.0	top_k_tie_expanded	0.0714285714285714	average_precision_step_integral_tie_aware	lower	588	588	588	1.0	1.0	42	546	42	546	1.0	1.0	0	42		exclude_and_report_coverage_never_impute_zero	observed								pbmc_10k	human	H-common/independent
pbmc_10k_protein_v3	H-common	independent	LIANA specificity consensus	0.5	0.0714285714285714	0.0714285714285714	1.0	0.0	0.1333333333333333		42	546	0	0	588	-1.0	top_k_tie_expanded	0.0714285714285714	average_precision_step_integral_tie_aware	lower	588	588	588	1.0	1.0	42	546	42	546	1.0	1.0	0	42		exclude_and_report_coverage_never_impute_zero	observed								pbmc_10k	human	H-common/independent
pbmc_10k_protein_v3	H-common	independent	NATMI specificity	0.5	0.0714285714285714	0.0714285714285714	1.0	0.0	0.1333333333333333		42	546	0	0	588	0.0002806191041599	top_k_tie_expanded	0.0714285714285714	average_precision_step_integral_tie_aware	higher	588	588	588	1.0	1.0	42	546	42	546	1.0	1.0	0	42		exclude_and_report_coverage_never_impute_zero	observed								pbmc_10k	human	H-common/independent
pbmc_10k_protein_v3	H-common	independent	logFC specificity	0.5	0.0714285714285714	0.0714285714285714	1.0	0.0	0.1333333333333333		42	546	0	0	588	-2.034465074539185	top_k_tie_expanded	0.0714285714285714	average_precision_step_integral_tie_aware	higher	588	588	588	1.0	1.0	42	546	42	546	1.0	1.0	0	42		exclude_and_report_coverage_never_impute_zero	observed								pbmc_10k	human	H-common/independent
pbmc_10k_protein_v3	native-independent	independent	CRYCHIC availability-state	0.592877967513536	0.1957658451794499	0.2551020408163265	0.2551020408163265	0.9172335600907028	0.2551020408163265	0.1723356009070294	25	73	809	73	98	0.0001986033025602	top_k_tie_expanded	0.1957658451794499	average_precision_step_integral_tie_aware	higher	980	980	980	1.0	1.0	98	882	98	882	1.0	1.0	0	98		exclude_and_report_coverage_never_impute_zero	observed								pbmc_10k	human	native/independent
pbmc_10k_protein_v3	native-independent	independent	CellChat composite	0.722311834627888	0.3251862858331378	0.384180790960452	0.384180790960452	0.8404099560761347	0.384180790960452	0.2245907470365866	68	109	574	109	177	0.0703195680575483	top_k_tie_expanded	0.3251862858331378	average_precision_step_integral_tie_aware	higher	860	860	860	1.0	1.0	177	683	177	683	1.0	1.0	0	177		exclude_and_report_coverage_never_impute_zero	observed								pbmc_10k	human	native/independent
pbmc_10k_protein_v3	native-independent	independent	CellChat p-value	0.5814603234910986	0.1240323103504532	0.2079905992949471	0.2633928571428571	0.8975683890577507	0.2324359816152331	0.1450207729298766	177	674	5906	495	851	-0.0	top_k_tie_expanded	0.1240323103504532	average_precision_step_integral_tie_aware	lower	7252	7252	7252	1.0	1.0	672	6580	672	6580	1.0	1.0	0	672		exclude_and_report_coverage_never_impute_zero	observed								pbmc_10k	human	native/independent
pbmc_10k_protein_v3	native-independent	independent	CellPhoneDB composite	0.6144838238503769	0.2782838642041333	0.3149606299212598	0.3149606299212598	0.814498933901919	0.3149606299212598	0.1294595638231788	80	174	764	174	254	1.9183624982833865	top_k_tie_expanded	0.2782838642041333	average_precision_step_integral_tie_aware	higher	1192	1192	1192	1.0	1.0	254	938	254	938	1.0	1.0	0	254		exclude_and_report_coverage_never_impute_zero	observed								pbmc_10k	human	native/independent
pbmc_10k_protein_v3	native-independent	independent	CellPhoneDB p-value	0.6328335323491099	0.146245982635541	0.2155635062611806	0.3586309523809524	0.8667173252279635	0.2692737430167597	0.1809501880328863	241	877	5703	431	1118	-0.0	top_k_tie_expanded	0.146245982635541	average_precision_step_integral_tie_aware	lower	7252	7252	7252	1.0	1.0	672	6580	672	6580	1.0	1.0	0	672		exclude_and_report_coverage_never_impute_zero	observed								pbmc_10k	human	native/independent
pbmc_10k_protein_v3	native-independent	independent	Connectome specificity	0.6351343130337241	0.1429047030740752	0.2306547619047619	0.2306547619047619	0.9214285714285714	0.2306547619047619	0.1520833333333333	155	517	6063	517	672	0.4844550523198354	top_k_tie_expanded	0.1429047030740752	average_precision_step_integral_tie_aware	higher	7252	7252	7252	1.0	1.0	672	6580	672	6580	1.0	1.0	0	672		exclude_and_report_coverage_never_impute_zero	observed								pbmc_10k	human	native/independent
pbmc_10k_protein_v3	native-independent	independent	LIANA magnitude consensus	0.6384264410551455	0.1768813506205989	0.2678571428571428	0.2678571428571428	0.925227963525836	0.2678571428571428	0.1930851063829787	180	492	6088	492	672	-0.0034703542285275	top_k_tie_expanded	0.1768813506205989	average_precision_step_integral_tie_aware	lower	7252	7252	7252	1.0	1.0	672	6580	672	6580	1.0	1.0	0	672		exclude_and_report_coverage_never_impute_zero	observed								pbmc_10k	human	native/independent
pbmc_10k_protein_v3	native-independent	independent	LIANA specificity consensus	0.6412798297510494	0.1650729568648178	0.2619047619047619	0.2619047619047619	0.9246200607902736	0.2619047619047619	0.1865248226950354	176	496	6084	496	672	-8.2681577550443e-06	top_k_tie_expanded	0.1650729568648178	average_precision_step_integral_tie_aware	lower	7252	7252	7252	1.0	1.0	672	6580	672	6580	1.0	1.0	0	672		exclude_and_report_coverage_never_impute_zero	observed								pbmc_10k	human	native/independent
pbmc_10k_protein_v3	native-independent	independent	NATMI specificity	0.6422984286799827	0.1734174011059162	0.2708333333333333	0.2708333333333333	0.925531914893617	0.2708333333333333	0.1963652482269503	182	490	6090	490	672	0.011807283386588	top_k_tie_expanded	0.1734174011059162	average_precision_step_integral_tie_aware	higher	7252	7252	7252	1.0	1.0	672	6580	672	6580	1.0	1.0	0	672		exclude_and_report_coverage_never_impute_zero	observed								pbmc_10k	human	native/independent
pbmc_10k_protein_v3	native-independent	independent	SingleCellSignalR LRscore	0.6254695533285078	0.2727679125512945	0.4067278287461773	0.4067278287461773	0.8755612572161642	0.4067278287461773	0.2822890859623416	133	194	1365	194	327	0.926097810268402	top_k_tie_expanded	0.2727679125512945	average_precision_step_integral_tie_aware	higher	1886	1886	1886	1.0	1.0	327	1559	327	1559	1.0	1.0	0	327		exclude_and_report_coverage_never_impute_zero	observed								pbmc_10k	human	native/independent
pbmc_10k_protein_v3	native-independent	independent	logFC specificity	0.6396897389274859	0.1558226771958014	0.2693452380952381	0.2693452380952381	0.9253799392097264	0.2693452380952381	0.1947251773049645	181	491	6089	491	672	0.4185498654842376	top_k_tie_expanded	0.1558226771958014	average_precision_step_integral_tie_aware	higher	7252	7252	7252	1.0	1.0	672	6580	672	6580	1.0	1.0	0	672		exclude_and_report_coverage_never_impute_zero	observed								pbmc_10k	human	native/independent
malt_10k_protein_v3	H-common	resource_fixed	CRYCHIC availability-state	0.590925925925926	0.174179500482474	0.2666666666666666	0.2666666666666666	0.9185185185185184	0.2666666666666666	0.1851851851851851	8	22	248	22	30	0.0101272249848369	top_k_tie_expanded	0.174179500482474	average_precision_step_integral_tie_aware	higher	300	300	300	1.0	1.0	30	270	30	270	1.0	1.0	0	30		exclude_and_report_coverage_never_impute_zero	observed		300.0	0.0	30.0	1.0	3.0	fixed_resource_absent_prediction_ranked_after_returned	malt_10k	human	H-common/resource_fixed
malt_10k_protein_v3	H-common	resource_fixed	CellChat composite	0.5	0.1	0.1	1.0	0.0	0.1818181818181818		30	270	0	0	300	-0.999885319051514	top_k_tie_expanded	0.1	average_precision_step_integral_tie_aware	higher	300	300	300	1.0	1.0	30	270	30	270	1.0	1.0	0	30		exclude_and_report_coverage_never_impute_zero	observed		0.0	300.0	0.0	0.0	3.0	fixed_resource_absent_prediction_ranked_after_returned	malt_10k	human	H-common/resource_fixed
malt_10k_protein_v3	H-common	resource_fixed	CellChat p-value	0.5	0.1	0.1	1.0	0.0	0.1818181818181818		30	270	0	0	300	-1.0	top_k_tie_expanded	0.1	average_precision_step_integral_tie_aware	higher	300	300	300	1.0	1.0	30	270	30	270	1.0	1.0	0	30		exclude_and_report_coverage_never_impute_zero	observed		300.0	0.0	30.0	1.0	3.0	fixed_resource_absent_prediction_ranked_after_returned	malt_10k	human	H-common/resource_fixed
malt_10k_protein_v3	H-common	resource_fixed	CellPhoneDB composite	0.5	0.1	0.1	1.0	0.0	0.1818181818181818		30	270	0	0	300	-0.9430445209145546	top_k_tie_expanded	0.1	average_precision_step_integral_tie_aware	higher	300	300	300	1.0	1.0	30	270	30	270	1.0	1.0	0	30		exclude_and_report_coverage_never_impute_zero	observed		0.0	300.0	0.0	0.0	3.0	fixed_resource_absent_prediction_ranked_after_returned	malt_10k	human	H-common/resource_fixed
malt_10k_protein_v3	H-common	resource_fixed	CellPhoneDB p-value	0.5	0.1	0.1	1.0	0.0	0.1818181818181818		30	270	0	0	300	-1.0	top_k_tie_expanded	0.1	average_precision_step_integral_tie_aware	higher	300	300	300	1.0	1.0	30	270	30	270	1.0	1.0	0	30		exclude_and_report_coverage_never_impute_zero	observed		300.0	0.0	30.0	1.0	3.0	fixed_resource_absent_prediction_ranked_after_returned	malt_10k	human	H-common/resource_fixed
malt_10k_protein_v3	H-common	resource_fixed	Connectome specificity	0.5	0.1	0.1	1.0	0.0	0.1818181818181818		30	270	0	0	300	-0.9208063944343382	top_k_tie_expanded	0.1	average_precision_step_integral_tie_aware	higher	300	300	300	1.0	1.0	30	270	30	270	1.0	1.0	0	30		exclude_and_report_coverage_never_impute_zero	observed		300.0	0.0	30.0	1.0	3.0	fixed_resource_absent_prediction_ranked_after_returned	malt_10k	human	H-common/resource_fixed
malt_10k_protein_v3	H-common	resource_fixed	LIANA magnitude consensus	0.5	0.1	0.1	1.0	0.0	0.1818181818181818		30	270	0	0	300	-1.0	top_k_tie_expanded	0.1	average_precision_step_integral_tie_aware	higher	300	300	300	1.0	1.0	30	270	30	270	1.0	1.0	0	30		exclude_and_report_coverage_never_impute_zero	observed		300.0	0.0	30.0	1.0	3.0	fixed_resource_absent_prediction_ranked_after_returned	malt_10k	human	H-common/resource_fixed
malt_10k_protein_v3	H-common	resource_fixed	LIANA specificity consensus	0.5	0.1	0.1	1.0	0.0	0.1818181818181818		30	270	0	0	300	-1.0	top_k_tie_expanded	0.1	average_precision_step_integral_tie_aware	higher	300	300	300	1.0	1.0	30	270	30	270	1.0	1.0	0	30		exclude_and_report_coverage_never_impute_zero	observed		300.0	0.0	30.0	1.0	3.0	fixed_resource_absent_prediction_ranked_after_returned	malt_10k	human	H-common/resource_fixed
malt_10k_protein_v3	H-common	resource_fixed	NATMI specificity	0.5	0.1	0.1	1.0	0.0	0.1818181818181818		30	270	0	0	300	0.0008478460367769	top_k_tie_expanded	0.1	average_precision_step_integral_tie_aware	higher	300	300	300	1.0	1.0	30	270	30	270	1.0	1.0	0	30		exclude_and_report_coverage_never_impute_zero	observed		300.0	0.0	30.0	1.0	3.0	fixed_resource_absent_prediction_ranked_after_returned	malt_10k	human	H-common/resource_fixed
malt_10k_protein_v3	H-common	resource_fixed	SingleCellSignalR LRscore	0.5	0.1	0.1	1.0	0.0	0.1818181818181818		30	270	0	0	300	-0.493084192276001	top_k_tie_expanded	0.1	average_precision_step_integral_tie_aware	higher	300	300	300	1.0	1.0	30	270	30	270	1.0	1.0	0	30		exclude_and_report_coverage_never_impute_zero	observed		0.0	300.0	0.0	0.0	3.0	fixed_resource_absent_prediction_ranked_after_returned	malt_10k	human	H-common/resource_fixed
malt_10k_protein_v3	H-common	resource_fixed	logFC specificity	0.5	0.1	0.1	1.0	0.0	0.1818181818181818		30	270	0	0	300	-1.6711270809173584	top_k_tie_expanded	0.1	average_precision_step_integral_tie_aware	higher	300	300	300	1.0	1.0	30	270	30	270	1.0	1.0	0	30		exclude_and_report_coverage_never_impute_zero	observed		300.0	0.0	30.0	1.0	3.0	fixed_resource_absent_prediction_ranked_after_returned	malt_10k	human	H-common/resource_fixed
malt_10k_protein_v3	H-common	independent	CRYCHIC availability-state	0.590925925925926	0.174179500482474	0.2666666666666666	0.2666666666666666	0.9185185185185184	0.2666666666666666	0.1851851851851851	8	22	248	22	30	0.0101272249848369	top_k_tie_expanded	0.174179500482474	average_precision_step_integral_tie_aware	higher	300	300	300	1.0	1.0	30	270	30	270	1.0	1.0	0	30		exclude_and_report_coverage_never_impute_zero	observed								malt_10k	human	H-common/independent
malt_10k_protein_v3	H-common	independent	CellChat p-value	0.5	0.1	0.1	1.0	0.0	0.1818181818181818		30	270	0	0	300	-1.0	top_k_tie_expanded	0.1	average_precision_step_integral_tie_aware	lower	300	300	300	1.0	1.0	30	270	30	270	1.0	1.0	0	30		exclude_and_report_coverage_never_impute_zero	observed								malt_10k	human	H-common/independent
malt_10k_protein_v3	H-common	independent	CellPhoneDB p-value	0.5	0.1	0.1	1.0	0.0	0.1818181818181818		30	270	0	0	300	-1.0	top_k_tie_expanded	0.1	average_precision_step_integral_tie_aware	lower	300	300	300	1.0	1.0	30	270	30	270	1.0	1.0	0	30		exclude_and_report_coverage_never_impute_zero	observed								malt_10k	human	H-common/independent
malt_10k_protein_v3	H-common	independent	Connectome specificity	0.5	0.1	0.1	1.0	0.0	0.1818181818181818		30	270	0	0	300	-0.9208063944343382	top_k_tie_expanded	0.1	average_precision_step_integral_tie_aware	higher	300	300	300	1.0	1.0	30	270	30	270	1.0	1.0	0	30		exclude_and_report_coverage_never_impute_zero	observed								malt_10k	human	H-common/independent
malt_10k_protein_v3	H-common	independent	LIANA magnitude consensus	0.5	0.1	0.1	1.0	0.0	0.1818181818181818		30	270	0	0	300	-1.0	top_k_tie_expanded	0.1	average_precision_step_integral_tie_aware	lower	300	300	300	1.0	1.0	30	270	30	270	1.0	1.0	0	30		exclude_and_report_coverage_never_impute_zero	observed								malt_10k	human	H-common/independent
malt_10k_protein_v3	H-common	independent	LIANA specificity consensus	0.5	0.1	0.1	1.0	0.0	0.1818181818181818		30	270	0	0	300	-1.0	top_k_tie_expanded	0.1	average_precision_step_integral_tie_aware	lower	300	300	300	1.0	1.0	30	270	30	270	1.0	1.0	0	30		exclude_and_report_coverage_never_impute_zero	observed								malt_10k	human	H-common/independent
malt_10k_protein_v3	H-common	independent	NATMI specificity	0.5	0.1	0.1	1.0	0.0	0.1818181818181818		30	270	0	0	300	0.0008478460367769	top_k_tie_expanded	0.1	average_precision_step_integral_tie_aware	higher	300	300	300	1.0	1.0	30	270	30	270	1.0	1.0	0	30		exclude_and_report_coverage_never_impute_zero	observed								malt_10k	human	H-common/independent
malt_10k_protein_v3	H-common	independent	logFC specificity	0.5	0.1	0.1	1.0	0.0	0.1818181818181818		30	270	0	0	300	-1.6711270809173584	top_k_tie_expanded	0.1	average_precision_step_integral_tie_aware	higher	300	300	300	1.0	1.0	30	270	30	270	1.0	1.0	0	30		exclude_and_report_coverage_never_impute_zero	observed								malt_10k	human	H-common/independent
malt_10k_protein_v3	native-independent	independent	CRYCHIC availability-state	0.5869836956521739	0.1469427493195923	0.2	0.2	0.9304347826086956	0.2	0.1304347826086956	8	32	428	32	40	0.0084374802144167	top_k_tie_expanded	0.1469427493195923	average_precision_step_integral_tie_aware	higher	500	500	500	1.0	1.0	40	460	40	460	1.0	1.0	0	40		exclude_and_report_coverage_never_impute_zero	observed								malt_10k	human	native/independent
malt_10k_protein_v3	native-independent	independent	CellChat composite	0.6445581896551724	0.261013448639269	0.34375	0.34375	0.8551724137931035	0.34375	0.1989224137931034	22	42	248	42	64	0.0658278657673522	top_k_tie_expanded	0.261013448639269	average_precision_step_integral_tie_aware	higher	354	354	354	1.0	1.0	64	290	64	290	1.0	1.0	0	64		exclude_and_report_coverage_never_impute_zero	observed								malt_10k	human	native/independent
malt_10k_protein_v3	native-independent	independent	CellChat p-value	0.6393891958256599	0.0962064314425536	0.1826086956521739	0.35	0.922099447513812	0.24	0.2011799168858529	63	282	3338	117	345	-0.0	top_k_tie_expanded	0.0962064314425536	average_precision_step_integral_tie_aware	lower	3800	3800	3800	1.0	1.0	180	3620	180	3620	1.0	1.0	0	180		exclude_and_report_coverage_never_impute_zero	observed								malt_10k	human	native/independent
malt_10k_protein_v3	native-independent	independent	CellPhoneDB composite	0.5977345173041895	0.1382975690970652	0.125	0.125	0.8979963570127505	0.125	0.0229963570127504	8	56	493	56	64	2.1517739295959477	top_k_tie_expanded	0.1382975690970652	average_precision_step_integral_tie_aware	higher	613	613	613	1.0	1.0	64	549	64	549	1.0	1.0	0	64		exclude_and_report_coverage_never_impute_zero	observed								malt_10k	human	native/independent
malt_10k_protein_v3	native-independent	independent	CellPhoneDB p-value	0.6012116329036219	0.0688996703014017	0.1057046979865771	0.35	0.8527624309392265	0.1623711340206185	0.1184427940055101	63	533	3087	117	596	-0.0	top_k_tie_expanded	0.0688996703014017	average_precision_step_integral_tie_aware	lower	3800	3800	3800	1.0	1.0	180	3620	180	3620	1.0	1.0	0	180		exclude_and_report_coverage_never_impute_zero	observed								malt_10k	human	native/independent
malt_10k_protein_v3	native-independent	independent	Connectome specificity	0.6314403007980356	0.1158210604697725	0.2277777777777777	0.2277777777777777	0.9616022099447514	0.2277777777777777	0.1893799877225291	41	139	3481	139	180	0.8357268232498836	top_k_tie_expanded	0.1158210604697725	average_precision_step_integral_tie_aware	higher	3800	3800	3800	1.0	1.0	180	3620	180	3620	1.0	1.0	0	180		exclude_and_report_coverage_never_impute_zero	observed								malt_10k	human	native/independent
malt_10k_protein_v3	native-independent	independent	LIANA magnitude consensus	0.6286471761817066	0.0971588547998438	0.2111111111111111	0.2111111111111111	0.9607734806629834	0.2111111111111111	0.1718845917740945	38	142	3478	142	180	-0.0004024107587859	top_k_tie_expanded	0.0971588547998438	average_precision_step_integral_tie_aware	lower	3800	3800	3800	1.0	1.0	180	3620	180	3620	1.0	1.0	0	180		exclude_and_report_coverage_never_impute_zero	observed								malt_10k	human	native/independent
malt_10k_protein_v3	native-independent	independent	LIANA specificity consensus	0.6340331491712707	0.115826896420063	0.2342342342342342	0.2888888888888888	0.9530386740331492	0.2587064676616915	0.2191185942425089	52	170	3450	128	222	-3.314898271614787e-07	top_k_tie_expanded	0.115826896420063	average_precision_step_integral_tie_aware	lower	3800	3800	3800	1.0	1.0	180	3620	180	3620	1.0	1.0	0	180		exclude_and_report_coverage_never_impute_zero	observed								malt_10k	human	native/independent
malt_10k_protein_v3	native-independent	independent	NATMI specificity	0.6411724984653161	0.1660537114519202	0.2888888888888888	0.2888888888888888	0.9646408839779006	0.2888888888888888	0.2535297728667894	52	128	3492	128	180	0.0462254174053669	top_k_tie_expanded	0.1660537114519202	average_precision_step_integral_tie_aware	higher	3800	3800	3800	1.0	1.0	180	3620	180	3620	1.0	1.0	0	180		exclude_and_report_coverage_never_impute_zero	observed								malt_10k	human	native/independent
malt_10k_protein_v3	native-independent	independent	SingleCellSignalR LRscore	0.6964673683022488	0.1971886531840278	0.3493975903614458	0.3493975903614458	0.936768149882904	0.3493975903614458	0.2861657402443497	29	54	800	54	83	0.9445179104804992	top_k_tie_expanded	0.1971886531840278	average_precision_step_integral_tie_aware	higher	937	937	937	1.0	1.0	83	854	83	854	1.0	1.0	0	83		exclude_and_report_coverage_never_impute_zero	observed								malt_10k	human	native/independent
malt_10k_protein_v3	native-independent	independent	logFC specificity	0.6377447820748926	0.1736253099137654	0.2944444444444444	0.2944444444444444	0.9649171270718232	0.2944444444444444	0.2593615715162676	53	127	3493	127	180	0.716401219367981	top_k_tie_expanded	0.1736253099137654	average_precision_step_integral_tie_aware	higher	3800	3800	3800	1.0	1.0	180	3620	180	3620	1.0	1.0	0	180		exclude_and_report_coverage_never_impute_zero	observed								malt_10k	human	native/independent
cbmc_seuratdata	native	independent	CRYCHIC availability-state	0.5907512626262627	0.2795138888888888	0.3333333333333333	0.3333333333333333	0.9393939393939394	0.3333333333333333	0.2727272727272727	8	16	248	16	24	7.393402581678634e-06	top_k_tie_expanded	0.2795138888888888	average_precision_step_integral_tie_aware	higher	288	288	288	1.0	1.0	24	264	24	264	1.0	1.0	0	24		exclude_and_report_coverage_never_impute_zero	observed								cbmc	human	native/independent
cbmc_seuratdata	native	independent	CellChat composite	0.6562604062604063	0.483932938002507	0.4761904761904761	0.4761904761904761	0.6923076923076923	0.4761904761904761	0.1684981684981685	40	44	99	44	84	0.0901561361271916	top_k_tie_expanded	0.483932938002507	average_precision_step_integral_tie_aware	higher	227	227	227	1.0	1.0	84	143	84	143	1.0	1.0	0	84		exclude_and_report_coverage_never_impute_zero	observed								cbmc	human	native/independent
cbmc_seuratdata	native	independent	CellChat p-value	0.5555301902958153	0.176097453142384	0.1358024691358024	1.0	0.0	0.2391304347826087		528	3360	0	0	3888	-1.0	top_k_tie_expanded	0.176097453142384	average_precision_step_integral_tie_aware	lower	3888	3888	3888	1.0	1.0	528	3360	528	3360	1.0	1.0	0	528		exclude_and_report_coverage_never_impute_zero	observed								cbmc	human	native/independent
cbmc_seuratdata	native	independent	CellPhoneDB composite	0.5385761158273007	0.369220118196751	0.3601895734597156	0.3601895734597156	0.7032967032967034	0.3601895734597156	0.0634862767564189	76	135	320	135	211	1.6803381443023682	top_k_tie_expanded	0.369220118196751	average_precision_step_integral_tie_aware	higher	666	666	666	1.0	1.0	211	455	211	455	1.0	1.0	0	211		exclude_and_report_coverage_never_impute_zero	observed								cbmc	human	native/independent
cbmc_seuratdata	native	independent	CellPhoneDB p-value	0.6560634244227994	0.2255565343144117	0.3237639553429027	0.3844696969696969	0.8738095238095238	0.3515151515151515	0.2405840866100857	203	424	2936	325	627	-0.0	top_k_tie_expanded	0.2255565343144117	average_precision_step_integral_tie_aware	lower	3888	3888	3888	1.0	1.0	528	3360	528	3360	1.0	1.0	0	528		exclude_and_report_coverage_never_impute_zero	observed								cbmc	human	native/independent
cbmc_seuratdata	native	independent	Connectome specificity	0.6841190927128427	0.2557855459647278	0.3257575757575757	0.3257575757575757	0.8940476190476191	0.3257575757575757	0.2198051948051948	172	356	3004	356	528	0.3018812510566178	top_k_tie_expanded	0.2557855459647278	average_precision_step_integral_tie_aware	higher	3888	3888	3888	1.0	1.0	528	3360	528	3360	1.0	1.0	0	528		exclude_and_report_coverage_never_impute_zero	observed								cbmc	human	native/independent
cbmc_seuratdata	native	independent	LIANA magnitude consensus	0.6678272682178932	0.2377898275002167	0.2556818181818182	0.2556818181818182	0.8830357142857143	0.2556818181818182	0.1387175324675324	135	393	2967	393	528	-0.002663826462149	top_k_tie_expanded	0.2377898275002167	average_precision_step_integral_tie_aware	lower	3888	3888	3888	1.0	1.0	528	3360	528	3360	1.0	1.0	0	528		exclude_and_report_coverage_never_impute_zero	observed								cbmc	human	native/independent
cbmc_seuratdata	native	independent	LIANA specificity consensus	0.6796452245670995	0.2455396888638448	0.3005671077504726	0.3011363636363636	0.8898809523809523	0.3008514664143803	0.190865089601916	159	370	2990	369	529	-1.6194505595739254e-06	top_k_tie_expanded	0.2455396888638448	average_precision_step_integral_tie_aware	lower	3888	3888	3888	1.0	1.0	528	3360	528	3360	1.0	1.0	0	528		exclude_and_report_coverage_never_impute_zero	observed								cbmc	human	native/independent
cbmc_seuratdata	native	independent	NATMI specificity	0.6796880636724387	0.2658925106358223	0.2973484848484848	0.2973484848484848	0.8895833333333333	0.2973484848484848	0.1869318181818181	157	371	2989	371	528	0.0121669834479689	top_k_tie_expanded	0.2658925106358223	average_precision_step_integral_tie_aware	higher	3888	3888	3888	1.0	1.0	528	3360	528	3360	1.0	1.0	0	528		exclude_and_report_coverage_never_impute_zero	observed								cbmc	human	native/independent
cbmc_seuratdata	native	independent	SingleCellSignalR LRscore	0.4876892692560895	0.3031701254136295	0.2920634920634921	0.2920634920634921	0.7430875576036866	0.2920634920634921	0.0351510496671787	92	223	645	223	315	0.9069135189056396	top_k_tie_expanded	0.3031701254136295	average_precision_step_integral_tie_aware	higher	1183	1183	1183	1.0	1.0	315	868	315	868	1.0	1.0	0	315		exclude_and_report_coverage_never_impute_zero	observed								cbmc	human	native/independent
cbmc_seuratdata	native	independent	logFC specificity	0.6828474476911977	0.2359881012497157	0.3352272727272727	0.3352272727272727	0.8955357142857143	0.3352272727272727	0.230762987012987	177	351	3009	351	528	0.2998037934303283	top_k_tie_expanded	0.2359881012497157	average_precision_step_integral_tie_aware	higher	3888	3888	3888	1.0	1.0	528	3360	528	3360	1.0	1.0	0	528		exclude_and_report_coverage_never_impute_zero	observed								cbmc	human	native/independent
sln_111	H-common	resource_fixed	CRYCHIC availability-state	0.6261568233873461	0.1992955843161415	0.2851190476190476	0.2851190476190476	0.9371072475911184	0.2851190476190476	0.2222262952101661	958	2402	35790	2402	3360	0.0703728943772053	top_k_tie_expanded	0.1992955843161415	average_precision_step_integral_tie_aware	higher	41552	41552	41552	1.0	1.0	3360	38192	3360	38192	1.0	1.0	0	3360		exclude_and_report_coverage_never_impute_zero	observed		28224.0	13328.0	2492.0	0.7416666666666667	53.0	fixed_resource_absent_prediction_ranked_after_returned	sln_111	mouse	H-common/resource_fixed
sln_111	H-common	resource_fixed	CellChat composite	0.5754553745985198	0.1472467396583258	0.0808625336927223	1.0	0.0	0.1496259351620947		3360	38192	0	0	41552	-0.9997854450307616	top_k_tie_expanded	0.1472467396583258	average_precision_step_integral_tie_aware	higher	41552	41552	41552	1.0	1.0	3360	38192	3360	38192	1.0	1.0	0	3360		exclude_and_report_coverage_never_impute_zero	observed		1465.0	40087.0	582.0	0.1732142857142857	53.0	fixed_resource_absent_prediction_ranked_after_returned	sln_111	mouse	H-common/resource_fixed
sln_111	H-common	resource_fixed	CellChat p-value	0.585828105985796	0.1492651584424038	0.0882936507936508	0.7416666666666667	0.3262463343108504	0.1578014184397163	0.0396658703019492	2492	25732	12460	868	28224	-1.0	top_k_tie_expanded	0.1492651584424038	average_precision_step_integral_tie_aware	higher	41552	41552	41552	1.0	1.0	3360	38192	3360	38192	1.0	1.0	0	3360		exclude_and_report_coverage_never_impute_zero	observed		28224.0	13328.0	2492.0	0.7416666666666667	53.0	fixed_resource_absent_prediction_ranked_after_returned	sln_111	mouse	H-common/resource_fixed
sln_111	H-common	resource_fixed	Connectome specificity	0.614984646030333	0.2023771618090973	0.2916666666666667	0.2916666666666667	0.937683284457478	0.2916666666666667	0.2293499511241446	980	2380	35812	2380	3360	-0.052820527478391	top_k_tie_expanded	0.2023771618090973	average_precision_step_integral_tie_aware	higher	41552	41552	41552	1.0	1.0	3360	38192	3360	38192	1.0	1.0	0	3360		exclude_and_report_coverage_never_impute_zero	observed		28224.0	13328.0	2492.0	0.7416666666666667	53.0	fixed_resource_absent_prediction_ranked_after_returned	sln_111	mouse	H-common/resource_fixed
sln_111	H-common	resource_fixed	LIANA magnitude consensus	0.6131812150263332	0.1818989532878211	0.292174947932163	0.2922619047619048	0.9377094679514034	0.2922184198779943	0.2299401687579859	982	2379	35813	2378	3361	-0.0488512427748456	top_k_tie_expanded	0.1818989532878211	average_precision_step_integral_tie_aware	higher	41552	41552	41552	1.0	1.0	3360	38192	3360	38192	1.0	1.0	0	3360		exclude_and_report_coverage_never_impute_zero	observed		28224.0	13328.0	2492.0	0.7416666666666667	53.0	fixed_resource_absent_prediction_ranked_after_returned	sln_111	mouse	H-common/resource_fixed
sln_111	H-common	resource_fixed	LIANA specificity consensus	0.6133879594268059	0.1993380205047182	0.2619047619047619	0.2619047619047619	0.935064935064935	0.2619047619047619	0.1969696969696969	880	2480	35712	2480	3360	-0.0005128784265171	top_k_tie_expanded	0.1993380205047182	average_precision_step_integral_tie_aware	higher	41552	41552	41552	1.0	1.0	3360	38192	3360	38192	1.0	1.0	0	3360		exclude_and_report_coverage_never_impute_zero	observed		28224.0	13328.0	2492.0	0.7416666666666667	53.0	fixed_resource_absent_prediction_ranked_after_returned	sln_111	mouse	H-common/resource_fixed
sln_111	H-common	resource_fixed	NATMI specificity	0.6145508377471223	0.2003311055610915	0.2797619047619047	0.2797619047619047	0.9366359447004609	0.2797619047619047	0.2163978494623656	940	2420	35772	2420	3360	0.0008490288164466	top_k_tie_expanded	0.2003311055610915	average_precision_step_integral_tie_aware	higher	41552	41552	41552	1.0	1.0	3360	38192	3360	38192	1.0	1.0	0	3360		exclude_and_report_coverage_never_impute_zero	observed		28224.0	13328.0	2492.0	0.7416666666666667	53.0	fixed_resource_absent_prediction_ranked_after_returned	sln_111	mouse	H-common/resource_fixed
sln_111	H-common	resource_fixed	SingleCellSignalR LRscore	0.6208853925092764	0.1738232071651905	0.2875	0.2875	0.937316715542522	0.2875	0.224816715542522	966	2394	35798	2394	3360	0.6823732256889343	top_k_tie_expanded	0.1738232071651905	average_precision_step_integral_tie_aware	higher	41552	41552	41552	1.0	1.0	3360	38192	3360	38192	1.0	1.0	0	3360		exclude_and_report_coverage_never_impute_zero	observed		4364.0	37188.0	1073.0	0.319345238095238	53.0	fixed_resource_absent_prediction_ranked_after_returned	sln_111	mouse	H-common/resource_fixed
sln_111	H-common	resource_fixed	logFC specificity	0.6129220140218844	0.1911398261188547	0.2625	0.2625	0.935117302052786	0.2625	0.1976173020527859	882	2478	35714	2478	3360	-0.2939032316207886	top_k_tie_expanded	0.1911398261188547	average_precision_step_integral_tie_aware	higher	41552	41552	41552	1.0	1.0	3360	38192	3360	38192	1.0	1.0	0	3360		exclude_and_report_coverage_never_impute_zero	observed		28224.0	13328.0	2492.0	0.7416666666666667	53.0	fixed_resource_absent_prediction_ranked_after_returned	sln_111	mouse	H-common/resource_fixed
sln_111	H-common	independent	CRYCHIC availability-state	0.6845111179963665	0.2405475457692426	0.3089887640449438	0.3089887640449438	0.9330794341675734	0.3089887640449438	0.2420681982125172	770	1722	24010	1722	2492	0.1112386632113547	top_k_tie_expanded	0.2405475457692426	average_precision_step_integral_tie_aware	higher	28224	28224	28224	1.0	1.0	2492	25732	2492	25732	1.0	1.0	0	2492		exclude_and_report_coverage_never_impute_zero	observed								sln_111	mouse	H-common/independent
sln_111	H-common	independent	CellChat composite	0.601940821862364	0.4641115578240412	0.4948453608247423	0.4948453608247423	0.6670441676104191	0.4948453608247423	0.1618895284351613	288	294	589	294	582	0.0225494331726649	top_k_tie_expanded	0.4641115578240412	average_precision_step_integral_tie_aware	higher	1465	1465	1465	1.0	1.0	582	883	582	883	1.0	1.0	0	582		exclude_and_report_coverage_never_impute_zero	observed								sln_111	mouse	H-common/independent
sln_111	H-common	independent	CellChat p-value	0.6038053622984815	0.1730907917821805	0.0882936507936508	1.0	0.0	0.162260711030082		2492	25732	0	0	28224	-1.0	top_k_tie_expanded	0.1730907917821805	average_precision_step_integral_tie_aware	lower	28224	28224	28224	1.0	1.0	2492	25732	2492	25732	1.0	1.0	0	2492		exclude_and_report_coverage_never_impute_zero	observed								sln_111	mouse	H-common/independent
sln_111	H-common	independent	Connectome specificity	0.6621533770493685	0.2447024817148009	0.3318619582664526	0.3318619582664526	0.9352945748484376	0.3318619582664526	0.2671565331148904	827	1665	24067	1665	2492	0.1612824268653887	top_k_tie_expanded	0.2447024817148009	average_precision_step_integral_tie_aware	higher	28224	28224	28224	1.0	1.0	2492	25732	2492	25732	1.0	1.0	0	2492		exclude_and_report_coverage_never_impute_zero	observed								sln_111	mouse	H-common/independent
sln_111	H-common	independent	LIANA magnitude consensus	0.6585443542139136	0.2170914140456646	0.3096670677898114	0.3097913322632424	0.9331182962847816	0.3097291875626881	0.2428656245065098	772	1721	24011	1720	2493	-0.0256632593828757	top_k_tie_expanded	0.2170914140456646	average_precision_step_integral_tie_aware	lower	28224	28224	28224	1.0	1.0	2492	25732	2492	25732	1.0	1.0	0	2492		exclude_and_report_coverage_never_impute_zero	observed								sln_111	mouse	H-common/independent
sln_111	H-common	independent	LIANA specificity consensus	0.6589580907310045	0.240604763102155	0.2909309791332263	0.2909309791332263	0.9313306388932068	0.2909309791332263	0.2222616180264332	725	1767	23965	1767	2492	-0.0001722882983461	top_k_tie_expanded	0.240604763102155	average_precision_step_integral_tie_aware	lower	28224	28224	28224	1.0	1.0	2492	25732	2492	25732	1.0	1.0	0	2492		exclude_and_report_coverage_never_impute_zero	observed								sln_111	mouse	H-common/independent
sln_111	H-common	independent	NATMI specificity	0.6612852407043438	0.2419437541893999	0.3134028892455858	0.3134028892455858	0.9335069174568632	0.3134028892455858	0.2469098067024489	781	1711	24021	1711	2492	0.0014544780133292	top_k_tie_expanded	0.2419437541893999	average_precision_step_integral_tie_aware	higher	28224	28224	28224	1.0	1.0	2492	25732	2492	25732	1.0	1.0	0	2492		exclude_and_report_coverage_never_impute_zero	observed								sln_111	mouse	H-common/independent
sln_111	H-common	independent	SingleCellSignalR LRscore	0.6561785750796533	0.3719602623669937	0.3951537744641193	0.3951537744641193	0.8027955028866606	0.3951537744641193	0.1979492773507798	424	649	2642	649	1073	0.8460399508476257	top_k_tie_expanded	0.3719602623669937	average_precision_step_integral_tie_aware	higher	4364	4364	4364	1.0	1.0	1073	3291	1073	3291	1.0	1.0	0	1073		exclude_and_report_coverage_never_impute_zero	observed								sln_111	mouse	H-common/independent
sln_111	H-common	independent	logFC specificity	0.6580256416366354	0.2295510178627885	0.2885232744783306	0.2885232744783306	0.931097466189958	0.2885232744783306	0.2196207406682886	719	1773	23959	1773	2492	0.039611205458641	top_k_tie_expanded	0.2295510178627885	average_precision_step_integral_tie_aware	higher	28224	28224	28224	1.0	1.0	2492	25732	2492	25732	1.0	1.0	0	2492		exclude_and_report_coverage_never_impute_zero	observed								sln_111	mouse	H-common/independent
sln_111	native	independent	CRYCHIC availability-state	0.7354958947387553	0.4074341923850491	0.4158020750199521	0.4158020750199521	0.9393788819875776	0.4158020750199521	0.3551809570075298	2084	2928	45372	2928	5012	0.1162965018476738	top_k_tie_expanded	0.4074341923850491	average_precision_step_integral_tie_aware	higher	53312	53312	53312	1.0	1.0	5012	48300	5012	48300	1.0	1.0	0	5012		exclude_and_report_coverage_never_impute_zero	observed								sln_111	mouse	native/independent
sln_111	native	independent	CellChat composite	0.6573224995410131	0.3529158981016251	0.3934563758389262	0.3934563758389262	0.7802431610942249	0.3934563758389262	0.1736995369331511	469	723	2567	723	1192	0.0227418285483932	top_k_tie_expanded	0.3529158981016251	average_precision_step_integral_tie_aware	higher	4482	4482	4482	1.0	1.0	1192	3290	1192	3290	1.0	1.0	0	1192		exclude_and_report_coverage_never_impute_zero	observed								sln_111	mouse	native/independent
sln_111	native	independent	CellChat p-value	0.5553330092785613	0.1099019207723372	0.0816326530612244	1.0	0.0	0.1509433962264151		8512	95760	0	0	104272	-1.0	top_k_tie_expanded	0.1099019207723372	average_precision_step_integral_tie_aware	lower	104272	104272	104272	1.0	1.0	8512	95760	8512	95760	1.0	1.0	0	8512		exclude_and_report_coverage_never_impute_zero	observed								sln_111	mouse	native/independent
sln_111	native	independent	Connectome specificity	0.5884095101279201	0.1313863812433868	0.2153430451127819	0.2153430451127819	0.9302527151211362	0.2153430451127819	0.1455957602339181	1833	6679	89081	6679	8512	0.2127547181894321	top_k_tie_expanded	0.1313863812433868	average_precision_step_integral_tie_aware	higher	104272	104272	104272	1.0	1.0	8512	95760	8512	95760	1.0	1.0	0	8512		exclude_and_report_coverage_never_impute_zero	observed								sln_111	mouse	native/independent
sln_111	native	independent	LIANA magnitude consensus	0.5898229460369674	0.1425831628565578	0.2341400375939849	0.2341400375939849	0.9319235588972432	0.2341400375939849	0.166063596491228	1993	6519	89241	6519	8512	-0.0461161864614979	top_k_tie_expanded	0.1425831628565578	average_precision_step_integral_tie_aware	lower	104272	104272	104272	1.0	1.0	8512	95760	8512	95760	1.0	1.0	0	8512		exclude_and_report_coverage_never_impute_zero	observed								sln_111	mouse	native/independent
sln_111	native	independent	LIANA specificity consensus	0.587689340906896	0.1359771853583142	0.1990131578947368	0.1990131578947368	0.9288011695906432	0.1990131578947368	0.1278143274853801	1694	6818	88942	6818	8512	-0.0002768118708383	top_k_tie_expanded	0.1359771853583142	average_precision_step_integral_tie_aware	lower	104272	104272	104272	1.0	1.0	8512	95760	8512	95760	1.0	1.0	0	8512		exclude_and_report_coverage_never_impute_zero	observed								sln_111	mouse	native/independent
sln_111	native	independent	NATMI specificity	0.5889079237636305	0.1404824114879992	0.2125234962406015	0.2125234962406015	0.93000208855472	0.2125234962406015	0.1425255847953216	1809	6703	89057	6703	8512	0.0015457433182746	top_k_tie_expanded	0.1404824114879992	average_precision_step_integral_tie_aware	higher	104272	104272	104272	1.0	1.0	8512	95760	8512	95760	1.0	1.0	0	8512		exclude_and_report_coverage_never_impute_zero	observed								sln_111	mouse	native/independent
sln_111	native	independent	SingleCellSignalR LRscore	0.6805262638145861	0.2902316255011037	0.327970297029703	0.327970297029703	0.8587163920208153	0.327970297029703	0.1866866890505182	795	1629	9901	1629	2424	0.8433716297149658	top_k_tie_expanded	0.2902316255011037	average_precision_step_integral_tie_aware	higher	13954	13954	13954	1.0	1.0	2424	11530	2424	11530	1.0	1.0	0	2424		exclude_and_report_coverage_never_impute_zero	observed								sln_111	mouse	native/independent
sln_111	native	independent	logFC specificity	0.5871521453471162	0.1323998845097067	0.199953007518797	0.199953007518797	0.9288847117794486	0.199953007518797	0.1288377192982456	1702	6810	88950	6810	8512	0.1484511941671371	top_k_tie_expanded	0.1323998845097067	average_precision_step_integral_tie_aware	higher	104272	104272	104272	1.0	1.0	8512	95760	8512	95760	1.0	1.0	0	8512		exclude_and_report_coverage_never_impute_zero	observed								sln_111	mouse	native/independent
sln_208	H-common	resource_fixed	CRYCHIC availability-state	0.5411009852126338	0.1216246183661685	0.199001210653753	0.199001210653753	0.94789533784848	0.199001210653753	0.1468965485022331	1315	5293	96291	5293	6608	0.0231840152566773	top_k_tie_expanded	0.1216246183661685	average_precision_step_integral_tie_aware	higher	108192	108192	108192	1.0	1.0	6608	101584	6608	101584	1.0	1.0	0	6608		exclude_and_report_coverage_never_impute_zero	observed		46656.0	61536.0	2943.0	0.4453692493946731	138.0	fixed_resource_absent_prediction_ranked_after_returned	sln_208	mouse	H-common/resource_fixed
sln_208	H-common	resource_fixed	CellChat composite	0.5386854950632823	0.0944928785877883	0.0610766045548654	1.0	0.0	0.1151219512195122		6608	101584	0	0	108192	-0.999810277421939	top_k_tie_expanded	0.0944928785877883	average_precision_step_integral_tie_aware	higher	108192	108192	108192	1.0	1.0	6608	101584	6608	101584	1.0	1.0	0	6608		exclude_and_report_coverage_never_impute_zero	observed		1662.0	106530.0	580.0	0.0877723970944309	138.0	fixed_resource_absent_prediction_ranked_after_returned	sln_208	mouse	H-common/resource_fixed
sln_208	H-common	resource_fixed	CellChat p-value	0.5241369563260806	0.0889420009871213	0.0630787037037037	0.4453692493946731	0.5696861710505592	0.110506158005407	0.0072798457605969	2943	43713	57871	3665	46656	-1.0	top_k_tie_expanded	0.0889420009871213	average_precision_step_integral_tie_aware	higher	108192	108192	108192	1.0	1.0	6608	101584	6608	101584	1.0	1.0	0	6608		exclude_and_report_coverage_never_impute_zero	observed		46656.0	61536.0	2943.0	0.4453692493946731	138.0	fixed_resource_absent_prediction_ranked_after_returned	sln_208	mouse	H-common/resource_fixed
sln_208	H-common	resource_fixed	Connectome specificity	0.5346011631865059	0.1089195298423252	0.0630787037037037	0.4453692493946731	0.5696861710505592	0.110506158005407	0.0072798457605969	2943	43713	57871	3665	46656	-2.107790527461614	top_k_tie_expanded	0.1089195298423252	average_precision_step_integral_tie_aware	higher	108192	108192	108192	1.0	1.0	6608	101584	6608	101584	1.0	1.0	0	6608		exclude_and_report_coverage_never_impute_zero	observed		46656.0	61536.0	2943.0	0.4453692493946731	138.0	fixed_resource_absent_prediction_ranked_after_returned	sln_208	mouse	H-common/resource_fixed
sln_208	H-common	resource_fixed	LIANA magnitude consensus	0.5343716651127497	0.1103752684841601	0.0630787037037037	0.4453692493946731	0.5696861710505592	0.110506158005407	0.0072798457605969	2943	43713	57871	3665	46656	-1.0	top_k_tie_expanded	0.1103752684841601	average_precision_step_integral_tie_aware	higher	108192	108192	108192	1.0	1.0	6608	101584	6608	101584	1.0	1.0	0	6608		exclude_and_report_coverage_never_impute_zero	observed		46656.0	61536.0	2943.0	0.4453692493946731	138.0	fixed_resource_absent_prediction_ranked_after_returned	sln_208	mouse	H-common/resource_fixed
sln_208	H-common	resource_fixed	LIANA specificity consensus	0.5343764121056127	0.1161022649766846	0.0630787037037037	0.4453692493946731	0.5696861710505592	0.110506158005407	0.0072798457605969	2943	43713	57871	3665	46656	-1.0	top_k_tie_expanded	0.1161022649766846	average_precision_step_integral_tie_aware	higher	108192	108192	108192	1.0	1.0	6608	101584	6608	101584	1.0	1.0	0	6608		exclude_and_report_coverage_never_impute_zero	observed		46656.0	61536.0	2943.0	0.4453692493946731	138.0	fixed_resource_absent_prediction_ranked_after_returned	sln_208	mouse	H-common/resource_fixed
sln_208	H-common	resource_fixed	NATMI specificity	0.5346059004961888	0.1130129433116226	0.0630787037037037	0.4453692493946731	0.5696861710505592	0.110506158005407	0.0072798457605969	2943	43713	57871	3665	46656	4.927293775836006e-05	top_k_tie_expanded	0.1130129433116226	average_precision_step_integral_tie_aware	higher	108192	108192	108192	1.0	1.0	6608	101584	6608	101584	1.0	1.0	0	6608		exclude_and_report_coverage_never_impute_zero	observed		46656.0	61536.0	2943.0	0.4453692493946731	138.0	fixed_resource_absent_prediction_ranked_after_returned	sln_208	mouse	H-common/resource_fixed
sln_208	H-common	resource_fixed	SingleCellSignalR LRscore	0.5622950510225534	0.1074263182868432	0.0610766045548654	1.0	0.0	0.1151219512195122		6608	101584	0	0	108192	-0.4999818205833435	top_k_tie_expanded	0.1074263182868432	average_precision_step_integral_tie_aware	higher	108192	108192	108192	1.0	1.0	6608	101584	6608	101584	1.0	1.0	0	6608		exclude_and_report_coverage_never_impute_zero	observed		4792.0	103400.0	1053.0	0.1593523002421307	138.0	fixed_resource_absent_prediction_ranked_after_returned	sln_208	mouse	H-common/resource_fixed
sln_208	H-common	resource_fixed	logFC specificity	0.5342145138023394	0.1094645682059013	0.0630787037037037	0.4453692493946731	0.5696861710505592	0.110506158005407	0.0072798457605969	2943	43713	57871	3665	46656	-2.2973031997680664	top_k_tie_expanded	0.1094645682059013	average_precision_step_integral_tie_aware	higher	108192	108192	108192	1.0	1.0	6608	101584	6608	101584	1.0	1.0	0	6608		exclude_and_report_coverage_never_impute_zero	observed		46656.0	61536.0	2943.0	0.4453692493946731	138.0	fixed_resource_absent_prediction_ranked_after_returned	sln_208	mouse	H-common/resource_fixed
sln_208	H-common	independent	CRYCHIC availability-state	0.6751814741879	0.197026749055406	0.2844036697247706	0.2844036697247706	0.9518221124150712	0.2844036697247706	0.2362257821398416	837	2106	41607	2106	2943	0.0955678200579168	top_k_tie_expanded	0.197026749055406	average_precision_step_integral_tie_aware	higher	46656	46656	46656	1.0	1.0	2943	43713	2943	43713	1.0	1.0	0	2943		exclude_and_report_coverage_never_impute_zero	observed								sln_208	mouse	H-common/independent
sln_208	H-common	independent	CellChat composite	0.6336398113327809	0.4417916714678909	0.4655172413793103	0.4655172413793103	0.7134935304990758	0.4655172413793103	0.1790107718783861	270	310	772	310	580	0.0267867822991266	top_k_tie_expanded	0.4417916714678909	average_precision_step_integral_tie_aware	higher	1662	1662	1662	1.0	1.0	580	1082	580	1082	1.0	1.0	0	580		exclude_and_report_coverage_never_impute_zero	observed								sln_208	mouse	H-common/independent
sln_208	H-common	independent	CellChat p-value	0.5866651292857088	0.1236435565169268	0.0630787037037037	1.0	0.0	0.1186717474142623		2943	43713	0	0	46656	-1.0	top_k_tie_expanded	0.1236435565169268	average_precision_step_integral_tie_aware	lower	46656	46656	46656	1.0	1.0	2943	43713	2943	43713	1.0	1.0	0	2943		exclude_and_report_coverage_never_impute_zero	observed								sln_208	mouse	H-common/independent
sln_208	H-common	independent	Connectome specificity	0.6412661530035763	0.1684996593627262	0.2878015630309208	0.2878015630309208	0.952050877313385	0.2878015630309208	0.2398524403443058	847	2096	41617	2096	2943	0.1869374389258442	top_k_tie_expanded	0.1684996593627262	average_precision_step_integral_tie_aware	higher	46656	46656	46656	1.0	1.0	2943	43713	2943	43713	1.0	1.0	0	2943		exclude_and_report_coverage_never_impute_zero	observed								sln_208	mouse	H-common/independent
sln_208	H-common	independent	LIANA magnitude consensus	0.6400686585412142	0.1717682699455482	0.2854230377166157	0.2854230377166157	0.9518907418845652	0.2854230377166157	0.2373137796011809	840	2103	41610	2103	2943	-0.0340058901790246	top_k_tie_expanded	0.1717682699455482	average_precision_step_integral_tie_aware	lower	46656	46656	46656	1.0	1.0	2943	43713	2943	43713	1.0	1.0	0	2943		exclude_and_report_coverage_never_impute_zero	observed								sln_208	mouse	H-common/independent
sln_208	H-common	independent	LIANA specificity consensus	0.6400934278021206	0.1846272549345397	0.2592592592592592	0.2592592592592592	0.9501292521675474	0.2592592592592592	0.2093885114268066	763	2180	41533	2180	2943	-0.0001482425099527	top_k_tie_expanded	0.1846272549345397	average_precision_step_integral_tie_aware	lower	46656	46656	46656	1.0	1.0	2943	43713	2943	43713	1.0	1.0	0	2943		exclude_and_report_coverage_never_impute_zero	observed								sln_208	mouse	H-common/independent
sln_208	H-common	independent	NATMI specificity	0.6412908717387661	0.1776907148180837	0.2816853550798505	0.2816853550798505	0.95163910049642	0.2816853550798505	0.2333244555762703	829	2114	41599	2114	2943	0.00156804069411	top_k_tie_expanded	0.1776907148180837	average_precision_step_integral_tie_aware	higher	46656	46656	46656	1.0	1.0	2943	43713	2943	43713	1.0	1.0	0	2943		exclude_and_report_coverage_never_impute_zero	observed								sln_208	mouse	H-common/independent
sln_208	H-common	independent	SingleCellSignalR LRscore	0.6743122656468471	0.351939765372443	0.3770180436847103	0.3770180436847103	0.8245520192564857	0.3770180436847103	0.201570062941196	397	656	3083	656	1053	0.8478448987007141	top_k_tie_expanded	0.351939765372443	average_precision_step_integral_tie_aware	higher	4792	4792	4792	1.0	1.0	1053	3739	1053	3739	1.0	1.0	0	1053		exclude_and_report_coverage_never_impute_zero	observed								sln_208	mouse	H-common/independent
sln_208	H-common	independent	logFC specificity	0.6392486611404126	0.1697234492052375	0.2572205232755691	0.2572205232755691	0.949991993228559	0.2572205232755691	0.2072125165041281	757	2186	41527	2186	2943	0.1082344353199005	top_k_tie_expanded	0.1697234492052375	average_precision_step_integral_tie_aware	higher	46656	46656	46656	1.0	1.0	2943	43713	2943	43713	1.0	1.0	0	2943		exclude_and_report_coverage_never_impute_zero	observed								sln_208	mouse	H-common/independent
sln_208	native	independent	CRYCHIC availability-state	0.7226782111054634	0.3589102173865743	0.3841928052454368	0.3841928052454368	0.9499596797419504	0.3841928052454368	0.3341524849873872	2168	3475	65969	3475	5643	0.1104011163071695	top_k_tie_expanded	0.3589102173865743	average_precision_step_integral_tie_aware	higher	75087	75087	75087	1.0	1.0	5643	69444	5643	69444	1.0	1.0	0	5643		exclude_and_report_coverage_never_impute_zero	observed								sln_208	mouse	native/independent
sln_208	native	independent	CellChat composite	0.6639399677245831	0.3360037392464319	0.3609467455621302	0.3609467455621302	0.8036363636363636	0.3609467455621302	0.1645831091984938	610	1080	4420	1080	1690	0.0253372381534393	top_k_tie_expanded	0.3360037392464319	average_precision_step_integral_tie_aware	higher	7190	7190	7190	1.0	1.0	1690	5500	1690	5500	1.0	1.0	0	1690		exclude_and_report_coverage_never_impute_zero	observed								sln_208	mouse	native/independent
sln_208	native	independent	CellChat p-value	0.5459321528360211	0.0918281230703498	0.0706824040157373	1.0	0.0	0.1320324379118094		14067	184950	0	0	199017	-1.0	top_k_tie_expanded	0.0918281230703498	average_precision_step_integral_tie_aware	lower	199017	199017	199017	1.0	1.0	14067	184950	14067	184950	1.0	1.0	0	14067		exclude_and_report_coverage_never_impute_zero	observed								sln_208	mouse	native/independent
sln_208	native	independent	Connectome specificity	0.5706816086372111	0.1202901707751543	0.2026729224425961	0.2026729224425961	0.9393565828602324	0.2026729224425961	0.1420295053028286	2851	11216	173734	11216	14067	0.1886864603872401	top_k_tie_expanded	0.1202901707751543	average_precision_step_integral_tie_aware	higher	199017	199017	199017	1.0	1.0	14067	184950	14067	184950	1.0	1.0	0	14067		exclude_and_report_coverage_never_impute_zero	observed								sln_208	mouse	native/independent
sln_208	native	independent	LIANA magnitude consensus	0.5702329386343689	0.116385233345337	0.2058718987701713	0.2058718987701713	0.9395998918626656	0.2058718987701713	0.1454717906328369	2896	11171	173779	11171	14067	-0.0559012119614933	top_k_tie_expanded	0.116385233345337	average_precision_step_integral_tie_aware	lower	199017	199017	199017	1.0	1.0	14067	184950	14067	184950	1.0	1.0	0	14067		exclude_and_report_coverage_never_impute_zero	observed								sln_208	mouse	native/independent
sln_208	native	independent	LIANA specificity consensus	0.5701855304413188	0.1218461021890211	0.1903035473093054	0.1903035473093054	0.9384157880508246	0.1903035473093054	0.12871933536013	2677	11390	173560	11390	14067	-0.0003616307261461	top_k_tie_expanded	0.1218461021890211	average_precision_step_integral_tie_aware	lower	199017	199017	199017	1.0	1.0	14067	184950	14067	184950	1.0	1.0	0	14067		exclude_and_report_coverage_never_impute_zero	observed								sln_208	mouse	native/independent
sln_208	native	independent	NATMI specificity	0.5710407809088368	0.1270510265066464	0.2033838060709462	0.2033838060709462	0.93941065152744	0.2033838060709462	0.142794457598386	2861	11206	173744	11206	14067	0.0015048092463985	top_k_tie_expanded	0.1270510265066464	average_precision_step_integral_tie_aware	higher	199017	199017	199017	1.0	1.0	14067	184950	14067	184950	1.0	1.0	0	14067		exclude_and_report_coverage_never_impute_zero	observed								sln_208	mouse	native/independent
sln_208	native	independent	SingleCellSignalR LRscore	0.6975484775343008	0.2714300894512024	0.3042001235330451	0.3042001235330451	0.8740355585374036	0.3042001235330451	0.1782356820704486	985	2253	15633	2253	3238	0.8440923094749451	top_k_tie_expanded	0.2714300894512024	average_precision_step_integral_tie_aware	higher	21124	21124	21124	1.0	1.0	3238	17886	3238	17886	1.0	1.0	0	3238		exclude_and_report_coverage_never_impute_zero	observed								sln_208	mouse	native/independent
sln_208	native	independent	logFC specificity	0.5696766265518053	0.1176592860018678	0.1895215753181204	0.1895215753181204	0.9383563125168964	0.1895215753181204	0.1278778878350168	2666	11401	173549	11401	14067	0.131392240524292	top_k_tie_expanded	0.1176592860018678	average_precision_step_integral_tie_aware	higher	199017	199017	199017	1.0	1.0	14067	184950	14067	184950	1.0	1.0	0	14067		exclude_and_report_coverage_never_impute_zero	observed								sln_208	mouse	native/independent
