development_rank	candidate	candidate_priority	primary_mean_delta_vs_rc3	occurrence_mean_delta_vs_rc3	magnitude_mean_delta_vs_rc3	joint_mean_delta_vs_rc3	safety_mean_delta_vs_rc3	global_null_total_effective_alpha_q95	safety_pass	global_null_pass	eligible	selected
1	two_part_20_05	7	0.024842636219655757	0.028291797556407036	0.009430141332748679	0.027375141657982372	0.0002172555001638395	0.04177169267652607	True	True	True	True
2	two_part_10_10	8	0.02326812582813727	0.021165085359715265	0.022853813862422613	0.02662984251362761	0.00022559818255961557	0.06624679109129103	True	True	True	False
3	occurrence_20	3	0.02065620678467817	0.027496186576992352	-3.285290684753306e-05	0.020740766941969756	0.0003265349483670771	0.02490740740740742	True	True	True	False
4	two_part_10_05	6	0.018618746084283568	0.01926973684970991	0.009335366120352486	0.022283949918109603	0.0002909024808368863	0.03370209924934924	True	True	True	False
5	occurrence_10	2	0.013618466629439201	0.017273726817688913	0.000196211748773506	0.014846703787397483	0.00035630639709472166	0.01245370370370371	True	True	True	False
6	two_part_05_05	5	0.011829606477350048	0.010759608817442973	0.009335366120352486	0.014681723145709438	6.045478213068112e-06	0.033123395545645515	True	True	True	False
7	magnitude_10	4	0.010748105535799279	0.004286710755666779	0.023196767362822984	0.014215866792486176	-4.33748743808073e-05	0.061325155665428344	True	True	True	False
8	occurrence_05	1	0.0069274805702451816	0.008772223339112857	0.000196211748773506	0.007526000827679502	7.144939447090345e-05	0.006226851851851855	True	True	True	False
9	rc3_reference	0	0.0	0.0	0.0	0.0	0.0	0.0	True	True	True	False
